smile,BalabanJ,BertzCT,Chi0,Chi0n,Chi0v,Chi1,Chi1n,Chi1v,Chi2n,Chi2v,Chi3n,Chi3v,Chi4n,Chi4v,EState_VSA1,EState_VSA10,EState_VSA11,EState_VSA2,EState_VSA3,EState_VSA4,EState_VSA5,EState_VSA6,EState_VSA7,EState_VSA8,EState_VSA9,ExactMolWt,FractionCSP3,HallKierAlpha,HeavyAtomCount,HeavyAtomMolWt,Ipc,Kappa1,Kappa2,Kappa3,LabuteASA,MaxAbsEStateIndex,MaxAbsPartialCharge,MaxEStateIndex,MaxPartialCharge,MinAbsEStateIndex,MinAbsPartialCharge,MinEStateIndex,MinPartialCharge,MolLogP,MolMR,MolWt,NHOHCount,NOCount,NumAliphaticCarbocycles,NumAliphaticHeterocycles,NumAliphaticRings,NumAromaticCarbocycles,NumAromaticHeterocycles,NumAromaticRings,NumHAcceptors,NumHDonors,NumHeteroatoms,NumRadicalElectrons,NumRotatableBonds,NumSaturatedCarbocycles,NumSaturatedHeterocycles,NumSaturatedRings,NumValenceElectrons,PEOE_VSA1,PEOE_VSA10,PEOE_VSA11,PEOE_VSA12,PEOE_VSA13,PEOE_VSA14,PEOE_VSA2,PEOE_VSA3,PEOE_VSA4,PEOE_VSA5,PEOE_VSA6,PEOE_VSA7,PEOE_VSA8,PEOE_VSA9,RingCount,SMR_VSA1,SMR_VSA10,SMR_VSA2,SMR_VSA3,SMR_VSA4,SMR_VSA5,SMR_VSA6,SMR_VSA7,SMR_VSA8,SMR_VSA9,SlogP_VSA1,SlogP_VSA10,SlogP_VSA11,SlogP_VSA12,SlogP_VSA2,SlogP_VSA3,SlogP_VSA4,SlogP_VSA5,SlogP_VSA6,SlogP_VSA7,SlogP_VSA8,SlogP_VSA9,TPSA,VSA_EState1,VSA_EState10,VSA_EState2,VSA_EState3,VSA_EState4,VSA_EState5,VSA_EState6,VSA_EState7,VSA_EState8,VSA_EState9,fr_Al_COO,fr_Al_OH,fr_Al_OH_noTert,fr_ArN,fr_Ar_COO,fr_Ar_N,fr_Ar_NH,fr_Ar_OH,fr_COO,fr_COO2,fr_C_O,fr_C_O_noCOO,fr_C_S,fr_HOCCN,fr_Imine,fr_NH0,fr_NH1,fr_NH2,fr_N_O,fr_Ndealkylation1,fr_Ndealkylation2,fr_Nhpyrrole,fr_SH,fr_aldehyde,fr_alkyl_carbamate,fr_alkyl_halide,fr_allylic_oxid,fr_amide,fr_amidine,fr_aniline,fr_aryl_methyl,fr_azide,fr_azo,fr_barbitur,fr_benzene,fr_benzodiazepine,fr_bicyclic,fr_diazo,fr_dihydropyridine,fr_epoxide,fr_ester,fr_ether,fr_furan,fr_guanido,fr_halogen,fr_hdrzine,fr_hdrzone,fr_imidazole,fr_imide,fr_isocyan,fr_isothiocyan,fr_ketone,fr_ketone_Topliss,fr_lactam,fr_lactone,fr_methoxy,fr_morpholine,fr_nitrile,fr_nitro,fr_nitro_arom,fr_nitro_arom_nonortho,fr_nitroso,fr_oxazole,fr_oxime,fr_para_hydroxylation,fr_phenol,fr_phenol_noOrthoHbond,fr_phos_acid,fr_phos_ester,fr_piperdine,fr_piperzine,fr_priamide,fr_prisulfonamd,fr_pyridine,fr_quatN,fr_sulfide,fr_sulfonamd,fr_sulfone,fr_term_acetylene,fr_tetrazole,fr_thiazole,fr_thiocyan,fr_thiophene,fr_unbrch_alkane,fr_urea,NiO2,ethanol,toluene,IPA,THF,chlorobenzene,2-Methoxyethanol,CH2CL2,concentration(mg/ml),wash,E,Cs,FA,MA,Pb,Sn,I,Br,CL,C60,BCP,PC60BM,PCBM,PC61BM,PEAI,ALD-SnO2,PCE
OP(CCN1C2=C(C=CC=C2)C3=C1C=CC=C3)(O)=O,2.219,734.341,13.458,10.23,11.125,9.061,6.067,7.865,4.574,6.351,3.295,4.077,2.474,2.935,7.596,4.565,0,6.162,6.545,21.806,0,0,53.098,0,9.787,275.071,0.143,-1.61,19,261.132,28995.323,12.425,4.494,2.303,109.995,11.08,0.34,11.08,0.327,0.143,0.327,-3.984,-0.34,2.972,76.355,275.244,2,4,0,0,0,2,1,3,2,2,5,0,3,0,0,0,98,14.354,0,0,0,0,7.596,4.565,0,0,0,36.398,12.133,28.351,6.162,3,14.352,29.402,0,4.567,0,6.545,6.162,48.531,0,0,0,0,0,7.596,20.516,11.11,0,0,48.531,0,21.806,0,62.46,0,0,0,0,0,0,0,0,13.056,34.417,0,0,0,0,0,1,0,0,0,0,0,0,0,0,0,1,0,0,0,0,0,0,0,0,0,0,0,0,0,0,1,0,0,0,2,0,3,0,0,0,0,0,0,0,0,0,0,0,0,0,0,0,0,0,0,0,0,0,0,0,0,0,0,0,2,0,0,0,0,0,0,0,0,0,0,0,0,0,0,0,0,0,0,0,0,0,1,0,0,0,0,0,0,0.1,0,0.49,0.1,0.6,0.3,0.5,0.5,1,0,0,1,1,0,0,0,0,0,20.1
OP(CCN1C2=C(C=CC=C2)C3=C1C=CC=C3)(O)=O,2.219,734.341,13.458,10.23,11.125,9.061,6.067,7.865,4.574,6.351,3.295,4.077,2.474,2.935,7.596,4.565,0,6.162,6.545,21.806,0,0,53.098,0,9.787,275.071,0.143,-1.61,19,261.132,28995.323,12.425,4.494,2.303,109.995,11.08,0.34,11.08,0.327,0.143,0.327,-3.984,-0.34,2.972,76.355,275.244,2,4,0,0,0,2,1,3,2,2,5,0,3,0,0,0,98,14.354,0,0,0,0,7.596,4.565,0,0,0,36.398,12.133,28.351,6.162,3,14.352,29.402,0,4.567,0,6.545,6.162,48.531,0,0,0,0,0,7.596,20.516,11.11,0,0,48.531,0,21.806,0,62.46,0,0,0,0,0,0,0,0,13.056,34.417,0,0,0,0,0,1,0,0,0,0,0,0,0,0,0,1,0,0,0,0,0,0,0,0,0,0,0,0,0,0,1,0,0,0,2,0,3,0,0,0,0,0,0,0,0,0,0,0,0,0,0,0,0,0,0,0,0,0,0,0,0,0,0,0,2,0,0,0,0,0,0,0,0,0,0,0,0,0,0,0,0,0,0,0,0,0,1,0,0,0,0,0,0,0.3,0,0.49,0.1,0.6,0.3,0.5,0.5,1,0,0,1,1,0,0,0,0,0,20.9
OP(CCN1C2=C(C=CC=C2)C3=C1C=CC=C3)(O)=O,2.219,734.341,13.458,10.23,11.125,9.061,6.067,7.865,4.574,6.351,3.295,4.077,2.474,2.935,7.596,4.565,0,6.162,6.545,21.806,0,0,53.098,0,9.787,275.071,0.143,-1.61,19,261.132,28995.323,12.425,4.494,2.303,109.995,11.08,0.34,11.08,0.327,0.143,0.327,-3.984,-0.34,2.972,76.355,275.244,2,4,0,0,0,2,1,3,2,2,5,0,3,0,0,0,98,14.354,0,0,0,0,7.596,4.565,0,0,0,36.398,12.133,28.351,6.162,3,14.352,29.402,0,4.567,0,6.545,6.162,48.531,0,0,0,0,0,7.596,20.516,11.11,0,0,48.531,0,21.806,0,62.46,0,0,0,0,0,0,0,0,13.056,34.417,0,0,0,0,0,1,0,0,0,0,0,0,0,0,0,1,0,0,0,0,0,0,0,0,0,0,0,0,0,0,1,0,0,0,2,0,3,0,0,0,0,0,0,0,0,0,0,0,0,0,0,0,0,0,0,0,0,0,0,0,0,0,0,0,2,0,0,0,0,0,0,0,0,0,0,0,0,0,0,0,0,0,0,0,0,0,1,0,0,0,0,0,0,0.5,0,0.49,0.1,0.6,0.3,0.5,0.5,1,0,0,1,1,0,0,0,0,0,20.8
OP(CCN1C2=C(C=CC=C2)C3=C1C=CC=C3)(O)=O,2.219,734.341,13.458,10.23,11.125,9.061,6.067,7.865,4.574,6.351,3.295,4.077,2.474,2.935,7.596,4.565,0,6.162,6.545,21.806,0,0,53.098,0,9.787,275.071,0.143,-1.61,19,261.132,28995.323,12.425,4.494,2.303,109.995,11.08,0.34,11.08,0.327,0.143,0.327,-3.984,-0.34,2.972,76.355,275.244,2,4,0,0,0,2,1,3,2,2,5,0,3,0,0,0,98,14.354,0,0,0,0,7.596,4.565,0,0,0,36.398,12.133,28.351,6.162,3,14.352,29.402,0,4.567,0,6.545,6.162,48.531,0,0,0,0,0,7.596,20.516,11.11,0,0,48.531,0,21.806,0,62.46,0,0,0,0,0,0,0,0,13.056,34.417,0,0,0,0,0,1,0,0,0,0,0,0,0,0,0,1,0,0,0,0,0,0,0,0,0,0,0,0,0,0,1,0,0,0,2,0,3,0,0,0,0,0,0,0,0,0,0,0,0,0,0,0,0,0,0,0,0,0,0,0,0,0,0,0,2,0,0,0,0,0,0,0,0,0,0,0,0,0,0,0,0,0,0,0,0,0,1,0,0,0,0,0,0,0.7,0,0.49,0.1,0.6,0.3,0.5,0.5,1,0,0,1,1,0,0,0,0,0,20
OC(CCN1C2=C(C=CC=C2)C3=C1C=CC=C3)=O,2.273,674.271,12.535,9.836,9.836,8.771,5.949,5.949,4.33,4.33,3.229,3.229,2.452,2.452,5.969,4.795,0,6.421,6.545,11.033,10.772,0,36.398,16.7,5.107,239.095,0.133,-2.29,18,226.17,22757.752,10.838,4.183,1.643,104.264,10.753,0.481,10.753,0.305,0.142,0.305,-0.767,-0.481,3.269,71.697,239.274,1,3,0,0,0,2,1,3,2,1,3,0,3,0,0,0,90,9.674,0,0,0,0,5.969,4.795,0,0,0,36.398,12.133,28.351,6.421,3,9.901,27.775,0,4.567,0,12.966,0,48.531,0,0,0,0,0,0,15.643,11.339,0,6.421,48.531,0,21.806,0,42.23,0,0,0,0,0,0,0,0,2.082,40.251,1,0,0,0,0,1,0,0,1,1,1,0,0,0,0,1,0,0,0,0,0,0,0,0,0,0,0,0,0,0,1,0,0,0,2,0,3,0,0,0,0,0,0,0,0,0,0,0,0,0,0,0,0,0,0,0,0,0,0,0,0,0,0,0,2,0,0,0,0,0,0,0,0,0,0,0,0,0,0,0,0,0,0,0,0,0,1,0,0,0,0,0,0,0.1,0,0.18,0.1,0.6,0.3,0.5,0.5,1,0,0,1,1,0,0,0,0,0,21.2
OC(CCN1C2=C(C=CC=C2)C3=C1C=CC=C3)=O,2.273,674.271,12.535,9.836,9.836,8.771,5.949,5.949,4.33,4.33,3.229,3.229,2.452,2.452,5.969,4.795,0,6.421,6.545,11.033,10.772,0,36.398,16.7,5.107,239.095,0.133,-2.29,18,226.17,22757.752,10.838,4.183,1.643,104.264,10.753,0.481,10.753,0.305,0.142,0.305,-0.767,-0.481,3.269,71.697,239.274,1,3,0,0,0,2,1,3,2,1,3,0,3,0,0,0,90,9.674,0,0,0,0,5.969,4.795,0,0,0,36.398,12.133,28.351,6.421,3,9.901,27.775,0,4.567,0,12.966,0,48.531,0,0,0,0,0,0,15.643,11.339,0,6.421,48.531,0,21.806,0,42.23,0,0,0,0,0,0,0,0,2.082,40.251,1,0,0,0,0,1,0,0,1,1,1,0,0,0,0,1,0,0,0,0,0,0,0,0,0,0,0,0,0,0,1,0,0,0,2,0,3,0,0,0,0,0,0,0,0,0,0,0,0,0,0,0,0,0,0,0,0,0,0,0,0,0,0,0,2,0,0,0,0,0,0,0,0,0,0,0,0,0,0,0,0,0,0,0,0,0,1,0,0,0,0,0,0,0.3,0,0.18,0.1,0.6,0.3,0.5,0.5,1,0,0,1,1,0,0,0,0,0,22.1
OC(CCN1C2=C(C=CC=C2)C3=C1C=CC=C3)=O,2.273,674.271,12.535,9.836,9.836,8.771,5.949,5.949,4.33,4.33,3.229,3.229,2.452,2.452,5.969,4.795,0,6.421,6.545,11.033,10.772,0,36.398,16.7,5.107,239.095,0.133,-2.29,18,226.17,22757.752,10.838,4.183,1.643,104.264,10.753,0.481,10.753,0.305,0.142,0.305,-0.767,-0.481,3.269,71.697,239.274,1,3,0,0,0,2,1,3,2,1,3,0,3,0,0,0,90,9.674,0,0,0,0,5.969,4.795,0,0,0,36.398,12.133,28.351,6.421,3,9.901,27.775,0,4.567,0,12.966,0,48.531,0,0,0,0,0,0,15.643,11.339,0,6.421,48.531,0,21.806,0,42.23,0,0,0,0,0,0,0,0,2.082,40.251,1,0,0,0,0,1,0,0,1,1,1,0,0,0,0,1,0,0,0,0,0,0,0,0,0,0,0,0,0,0,1,0,0,0,2,0,3,0,0,0,0,0,0,0,0,0,0,0,0,0,0,0,0,0,0,0,0,0,0,0,0,0,0,0,2,0,0,0,0,0,0,0,0,0,0,0,0,0,0,0,0,0,0,0,0,0,1,0,0,0,0,0,0,0.5,0,0.18,0.1,0.6,0.3,0.5,0.5,1,0,0,1,1,0,0,0,0,0,21.9
OC(CCN1C2=C(C=CC=C2)C3=C1C=CC=C3)=O,2.273,674.271,12.535,9.836,9.836,8.771,5.949,5.949,4.33,4.33,3.229,3.229,2.452,2.452,5.969,4.795,0,6.421,6.545,11.033,10.772,0,36.398,16.7,5.107,239.095,0.133,-2.29,18,226.17,22757.752,10.838,4.183,1.643,104.264,10.753,0.481,10.753,0.305,0.142,0.305,-0.767,-0.481,3.269,71.697,239.274,1,3,0,0,0,2,1,3,2,1,3,0,3,0,0,0,90,9.674,0,0,0,0,5.969,4.795,0,0,0,36.398,12.133,28.351,6.421,3,9.901,27.775,0,4.567,0,12.966,0,48.531,0,0,0,0,0,0,15.643,11.339,0,6.421,48.531,0,21.806,0,42.23,0,0,0,0,0,0,0,0,2.082,40.251,1,0,0,0,0,1,0,0,1,1,1,0,0,0,0,1,0,0,0,0,0,0,0,0,0,0,0,0,0,0,1,0,0,0,2,0,3,0,0,0,0,0,0,0,0,0,0,0,0,0,0,0,0,0,0,0,0,0,0,0,0,0,0,0,2,0,0,0,0,0,0,0,0,0,0,0,0,0,0,0,0,0,0,0,0,0,1,0,0,0,0,0,0,0.7,0,0.18,0.1,0.6,0.3,0.5,0.5,1,0,0,1,1,0,0,0,0,0,21.8
OC(CN1C2=C(C=CC=C2)C3=C1C=CC=C3)=O,2.453,659.142,11.828,9.129,9.129,8.271,5.449,5.449,4.014,4.014,2.973,2.973,2.309,2.309,5.969,4.795,0,6.545,0,21.806,0,0,53.098,0,5.107,225.079,0.071,-2.29,17,214.159,13601.201,9.902,3.627,1.474,97.9,10.933,0.48,10.933,0.323,0.006,0.323,-0.823,-0.48,2.879,67.08,225.247,1,3,0,0,0,2,1,3,2,1,3,0,2,0,0,0,84,9.674,6.545,0,0,0,5.969,4.795,0,0,0,36.398,12.133,21.806,0,3,9.901,27.775,0,4.567,0,6.545,0,48.531,0,0,0,0,0,0,15.643,11.339,0,0,48.531,0,21.806,0,42.23,0,0,0,0,0,0,0,0,1.84,38.993,1,0,0,0,0,1,0,0,1,1,1,0,0,0,0,1,0,0,0,0,0,0,0,0,0,0,0,0,0,0,0,0,0,0,2,0,3,0,0,0,0,0,0,0,0,0,0,0,0,0,0,0,0,0,0,0,0,0,0,0,0,0,0,0,2,0,0,0,0,0,0,0,0,0,0,0,0,0,0,0,0,0,0,0,0,0,1,0,0,0,0,0,0,0.1,0,0.02,0.1,0.6,0.3,0.5,0.5,1,0,0,1,1,0,0,0,0,0,22.1
OC(CN1C2=C(C=CC=C2)C3=C1C=CC=C3)=O,2.453,659.142,11.828,9.129,9.129,8.271,5.449,5.449,4.014,4.014,2.973,2.973,2.309,2.309,5.969,4.795,0,6.545,0,21.806,0,0,53.098,0,5.107,225.079,0.071,-2.29,17,214.159,13601.201,9.902,3.627,1.474,97.9,10.933,0.48,10.933,0.323,0.006,0.323,-0.823,-0.48,2.879,67.08,225.247,1,3,0,0,0,2,1,3,2,1,3,0,2,0,0,0,84,9.674,6.545,0,0,0,5.969,4.795,0,0,0,36.398,12.133,21.806,0,3,9.901,27.775,0,4.567,0,6.545,0,48.531,0,0,0,0,0,0,15.643,11.339,0,0,48.531,0,21.806,0,42.23,0,0,0,0,0,0,0,0,1.84,38.993,1,0,0,0,0,1,0,0,1,1,1,0,0,0,0,1,0,0,0,0,0,0,0,0,0,0,0,0,0,0,0,0,0,0,2,0,3,0,0,0,0,0,0,0,0,0,0,0,0,0,0,0,0,0,0,0,0,0,0,0,0,0,0,0,2,0,0,0,0,0,0,0,0,0,0,0,0,0,0,0,0,0,0,0,0,0,1,0,0,0,0,0,0,0.3,0,0.02,0.1,0.6,0.3,0.5,0.5,1,0,0,1,1,0,0,0,0,0,23.1
OC(CN1C2=C(C=CC=C2)C3=C1C=CC=C3)=O,2.453,659.142,11.828,9.129,9.129,8.271,5.449,5.449,4.014,4.014,2.973,2.973,2.309,2.309,5.969,4.795,0,6.545,0,21.806,0,0,53.098,0,5.107,225.079,0.071,-2.29,17,214.159,13601.201,9.902,3.627,1.474,97.9,10.933,0.48,10.933,0.323,0.006,0.323,-0.823,-0.48,2.879,67.08,225.247,1,3,0,0,0,2,1,3,2,1,3,0,2,0,0,0,84,9.674,6.545,0,0,0,5.969,4.795,0,0,0,36.398,12.133,21.806,0,3,9.901,27.775,0,4.567,0,6.545,0,48.531,0,0,0,0,0,0,15.643,11.339,0,0,48.531,0,21.806,0,42.23,0,0,0,0,0,0,0,0,1.84,38.993,1,0,0,0,0,1,0,0,1,1,1,0,0,0,0,1,0,0,0,0,0,0,0,0,0,0,0,0,0,0,0,0,0,0,2,0,3,0,0,0,0,0,0,0,0,0,0,0,0,0,0,0,0,0,0,0,0,0,0,0,0,0,0,0,2,0,0,0,0,0,0,0,0,0,0,0,0,0,0,0,0,0,0,0,0,0,1,0,0,0,0,0,0,0.5,0,0.02,0.1,0.6,0.3,0.5,0.5,1,0,0,1,1,0,0,0,0,0,22.9
OC(CN1C2=C(C=CC=C2)C3=C1C=CC=C3)=O,2.453,659.142,11.828,9.129,9.129,8.271,5.449,5.449,4.014,4.014,2.973,2.973,2.309,2.309,5.969,4.795,0,6.545,0,21.806,0,0,53.098,0,5.107,225.079,0.071,-2.29,17,214.159,13601.201,9.902,3.627,1.474,97.9,10.933,0.48,10.933,0.323,0.006,0.323,-0.823,-0.48,2.879,67.08,225.247,1,3,0,0,0,2,1,3,2,1,3,0,2,0,0,0,84,9.674,6.545,0,0,0,5.969,4.795,0,0,0,36.398,12.133,21.806,0,3,9.901,27.775,0,4.567,0,6.545,0,48.531,0,0,0,0,0,0,15.643,11.339,0,0,48.531,0,21.806,0,42.23,0,0,0,0,0,0,0,0,1.84,38.993,1,0,0,0,0,1,0,0,1,1,1,0,0,0,0,1,0,0,0,0,0,0,0,0,0,0,0,0,0,0,0,0,0,0,2,0,3,0,0,0,0,0,0,0,0,0,0,0,0,0,0,0,0,0,0,0,0,0,0,0,0,0,0,0,2,0,0,0,0,0,0,0,0,0,0,0,0,0,0,0,0,0,0,0,0,0,1,0,0,0,0,0,0,0.7,0,0.02,0.1,0.6,0.3,0.5,0.5,1,0,0,1,1,0,0,0,0,0,21.7
OP(CCN1C2=C(C=CC=C2)C3=C1C=CC=C3)(O)=O,2.219,734.341,13.458,10.23,11.125,9.061,6.067,7.865,4.574,6.351,3.295,4.077,2.474,2.935,7.596,4.565,0,6.162,6.545,21.806,0,0,53.098,0,9.787,275.071,0.143,-1.61,19,261.132,28995.323,12.425,4.494,2.303,109.995,11.08,0.34,11.08,0.327,0.143,0.327,-3.984,-0.34,2.972,76.355,275.244,2,4,0,0,0,2,1,3,2,2,5,0,3,0,0,0,98,14.354,0,0,0,0,7.596,4.565,0,0,0,36.398,12.133,28.351,6.162,3,14.352,29.402,0,4.567,0,6.545,6.162,48.531,0,0,0,0,0,7.596,20.516,11.11,0,0,48.531,0,21.806,0,62.46,0,0,0,0,0,0,0,0,13.056,34.417,0,0,0,0,0,1,0,0,0,0,0,0,0,0,0,1,0,0,0,0,0,0,0,0,0,0,0,0,0,0,1,0,0,0,2,0,3,0,0,0,0,0,0,0,0,0,0,0,0,0,0,0,0,0,0,0,0,0,0,0,0,0,0,0,2,0,0,0,0,0,0,0,0,0,0,0,0,0,0,0,0,0,0,0,0,0,1,0,0,0,0,0,0,0.14,0,0.3,0.05,0.7885,0.1615,1,0,0.83,0.17,0,1,1,0,0,0,0,0,18.5
OP(CCN1C2=C(C=CC=C2)C3=C1C=CC=C3)(O)=O,2.219,734.341,13.458,10.23,11.125,9.061,6.067,7.865,4.574,6.351,3.295,4.077,2.474,2.935,7.596,4.565,0,6.162,6.545,21.806,0,0,53.098,0,9.787,275.071,0.143,-1.61,19,261.132,28995.323,12.425,4.494,2.303,109.995,11.08,0.34,11.08,0.327,0.143,0.327,-3.984,-0.34,2.972,76.355,275.244,2,4,0,0,0,2,1,3,2,2,5,0,3,0,0,0,98,14.354,0,0,0,0,7.596,4.565,0,0,0,36.398,12.133,28.351,6.162,3,14.352,29.402,0,4.567,0,6.545,6.162,48.531,0,0,0,0,0,7.596,20.516,11.11,0,0,48.531,0,21.806,0,62.46,0,0,0,0,0,0,0,0,13.056,34.417,0,0,0,0,0,1,0,0,0,0,0,0,0,0,0,1,0,0,0,0,0,0,0,0,0,0,0,0,0,0,1,0,0,0,2,0,3,0,0,0,0,0,0,0,0,0,0,0,0,0,0,0,0,0,0,0,0,0,0,0,0,0,0,0,2,0,0,0,0,0,0,0,0,0,0,0,0,0,0,0,0,0,0,0,0,0,1,0,0,0,0,0,0,0.28,0,0.3,0.05,0.7885,0.1615,1,0,0.83,0.17,0,1,1,0,0,0,0,0,18.4
OP(CCN1C2=C(C=CC=C2)C3=C1C=CC=C3)(O)=O,2.219,734.341,13.458,10.23,11.125,9.061,6.067,7.865,4.574,6.351,3.295,4.077,2.474,2.935,7.596,4.565,0,6.162,6.545,21.806,0,0,53.098,0,9.787,275.071,0.143,-1.61,19,261.132,28995.323,12.425,4.494,2.303,109.995,11.08,0.34,11.08,0.327,0.143,0.327,-3.984,-0.34,2.972,76.355,275.244,2,4,0,0,0,2,1,3,2,2,5,0,3,0,0,0,98,14.354,0,0,0,0,7.596,4.565,0,0,0,36.398,12.133,28.351,6.162,3,14.352,29.402,0,4.567,0,6.545,6.162,48.531,0,0,0,0,0,7.596,20.516,11.11,0,0,48.531,0,21.806,0,62.46,0,0,0,0,0,0,0,0,13.056,34.417,0,0,0,0,0,1,0,0,0,0,0,0,0,0,0,1,0,0,0,0,0,0,0,0,0,0,0,0,0,0,1,0,0,0,2,0,3,0,0,0,0,0,0,0,0,0,0,0,0,0,0,0,0,0,0,0,0,0,0,0,0,0,0,0,2,0,0,0,0,0,0,0,0,0,0,0,0,0,0,0,0,0,0,0,0,0,1,0,0,0,0,0,0,0.83,0,0.3,0.05,0.7885,0.1615,1,0,0.83,0.17,0,1,1,0,0,0,0,0,18.3
OP(CCCCN1C2=C(C(C=CC=C3)=C3C=C2)C4=C1C=CC=C4)(O)=O,1.823,1109.991,17.441,13.799,14.693,12.045,8.478,10.275,6.445,8.222,4.743,5.642,3.647,4.282,7.596,4.565,0,6.162,6.421,12.966,32.578,0,6.066,59.164,9.787,353.118,0.2,-2.13,25,333.198,712190.868,16.344,6.305,3.089,145.407,11.051,0.34,11.051,0.325,0.049,0.325,-3.91,-0.34,4.906,103.095,353.358,2,4,0,0,0,3,1,4,2,2,5,0,5,0,0,0,128,14.354,0,0,0,0,7.596,4.565,0,0,0,48.531,35.747,34.513,0,4,14.352,40.174,0,4.567,0,19.386,6.162,60.664,0,0,0,0,0,7.596,20.516,11.11,0,12.842,60.664,0,32.578,0,62.46,0,0,0,0,0,0,0,0,13.326,44.48,0,0,0,0,0,1,0,0,0,0,0,0,0,0,0,1,0,0,0,0,0,0,0,0,0,0,0,0,0,0,1,0,0,0,3,0,5,0,0,0,0,0,0,0,0,0,0,0,0,0,0,0,0,0,0,0,0,0,0,0,0,0,0,0,1,0,0,0,0,0,0,0,0,0,0,0,0,0,0,0,0,0,0,1,0,0,1,0,0,0,0,0,0,0.3,0,0.5,0.07,0.9,0.03,1,0,0.92,0.08,0,1,1,0,0,0,0,0,14.2
OP(CCCCN1C2=C(C(C=CC=C3)=C3C=C2)C4=C1C=CC=C4)(O)=O,1.823,1109.991,17.441,13.799,14.693,12.045,8.478,10.275,6.445,8.222,4.743,5.642,3.647,4.282,7.596,4.565,0,6.162,6.421,12.966,32.578,0,6.066,59.164,9.787,353.118,0.2,-2.13,25,333.198,712190.868,16.344,6.305,3.089,145.407,11.051,0.34,11.051,0.325,0.049,0.325,-3.91,-0.34,4.906,103.095,353.358,2,4,0,0,0,3,1,4,2,2,5,0,5,0,0,0,128,14.354,0,0,0,0,7.596,4.565,0,0,0,48.531,35.747,34.513,0,4,14.352,40.174,0,4.567,0,19.386,6.162,60.664,0,0,0,0,0,7.596,20.516,11.11,0,12.842,60.664,0,32.578,0,62.46,0,0,0,0,0,0,0,0,13.326,44.48,0,0,0,0,0,1,0,0,0,0,0,0,0,0,0,1,0,0,0,0,0,0,0,0,0,0,0,0,0,0,1,0,0,0,3,0,5,0,0,0,0,0,0,0,0,0,0,0,0,0,0,0,0,0,0,0,0,0,0,0,0,0,0,0,1,0,0,0,0,0,0,0,0,0,0,0,0,0,0,0,0,0,0,1,0,0,1,0,0,0,0,0,0,0.5,0,0.5,0.07,0.9,0.03,1,0,0.92,0.08,0,1,1,0,0,0,0,0,17.9
OP(CCCCN1C2=C(C(C=CC=C3)=C3C=C2)C4=C1C=CC=C4)(O)=O,1.823,1109.991,17.441,13.799,14.693,12.045,8.478,10.275,6.445,8.222,4.743,5.642,3.647,4.282,7.596,4.565,0,6.162,6.421,12.966,32.578,0,6.066,59.164,9.787,353.118,0.2,-2.13,25,333.198,712190.868,16.344,6.305,3.089,145.407,11.051,0.34,11.051,0.325,0.049,0.325,-3.91,-0.34,4.906,103.095,353.358,2,4,0,0,0,3,1,4,2,2,5,0,5,0,0,0,128,14.354,0,0,0,0,7.596,4.565,0,0,0,48.531,35.747,34.513,0,4,14.352,40.174,0,4.567,0,19.386,6.162,60.664,0,0,0,0,0,7.596,20.516,11.11,0,12.842,60.664,0,32.578,0,62.46,0,0,0,0,0,0,0,0,13.326,44.48,0,0,0,0,0,1,0,0,0,0,0,0,0,0,0,1,0,0,0,0,0,0,0,0,0,0,0,0,0,0,1,0,0,0,3,0,5,0,0,0,0,0,0,0,0,0,0,0,0,0,0,0,0,0,0,0,0,0,0,0,0,0,0,0,1,0,0,0,0,0,0,0,0,0,0,0,0,0,0,0,0,0,0,1,0,0,1,0,0,0,0,0,0,0.7,0,0.5,0.07,0.9,0.03,1,0,0.92,0.08,0,1,1,0,0,0,0,0,12.5
OC(C(C=C1)=CC=C1C(S2)=CC(CCCCCC)=C2C(S3)=CC(CCCCCC)=C3C4=CC(OC)=C(OC)C(OC)=C4)=O,1.803,1457.036,30.769,26.087,27.72,20.93,15.333,16.966,10.848,12.952,7.784,10.417,5.41,7.959,5.969,9.901,0,0,22.812,36.81,69.16,33.462,34.806,38.113,14.211,620.263,0.417,-3.29,43,576.525,4792085520,32.62,15.97,8.008,264.019,11.424,0.493,11.424,0.335,0.307,0.335,-0.903,-0.493,10.78,180.811,620.877,1,5,0,0,0,2,2,4,6,1,7,0,17,0,0,0,230,19.317,0,11.499,5.75,0,5.969,0,4.795,0,22.674,64.505,84.335,19.509,26.893,4,24.112,28.643,0,0,0,78.056,21.329,65.221,0,47.884,14.211,0,17.249,22.674,32.405,12.842,0,86.699,48.531,0,30.635,0,64.99,0,3.643,0,0,0,0,0,0,0,86.191,0,0,0,0,1,0,0,0,1,1,1,0,0,0,0,0,0,0,0,0,0,0,0,0,0,0,0,0,0,0,2,0,0,0,2,0,0,0,0,0,0,3,0,0,0,0,0,0,0,0,0,0,0,0,0,3,0,0,0,0,0,0,0,0,0,0,0,0,0,0,0,0,0,0,0,0,0,0,0,0,0,0,2,4,0,0,0,1,0,0,0,0,0,0.25,1,0.37,0,0,1,1,0,1,0,0,0,0,1,0,0,0,0,10.24
OC(C(C=C1)=CC=C1C(S2)=CC(CCCCCC)=C2C(S3)=CC(CCCCCC)=C3C4=CC(OC)=CC(OC)=C4)=O,1.77,1392.453,29.192,24.756,26.389,19.965,14.798,16.431,10.535,12.64,7.471,10.104,5.136,7.685,5.969,9.901,0,0,5.563,35.468,82.002,26.352,40.873,38.113,9.474,590.252,0.4,-3.09,41,548.515,1907292420,30.859,15.226,8.016,252.54,11.395,0.497,11.395,0.335,0.314,0.335,-0.896,-0.497,10.772,174.259,590.851,1,4,0,0,0,2,2,4,5,1,6,0,16,0,0,0,218,14.58,11.499,0,0,0,5.969,0,4.795,0,22.674,64.505,84.335,25.575,19.783,4,19.375,28.643,0,0,0,78.056,14.22,71.288,0,42.135,9.474,0,11.499,22.674,25.295,12.842,0,86.699,54.597,0,30.635,0,55.76,0,3.684,0,0,0,0,0,0,0,80.983,0,0,0,0,1,0,0,0,1,1,1,0,0,0,0,0,0,0,0,0,0,0,0,0,0,0,0,0,0,0,2,0,0,0,2,0,0,0,0,0,0,2,0,0,0,0,0,0,0,0,0,0,0,0,0,2,0,0,0,0,0,0,0,0,0,0,0,0,0,0,0,0,0,0,0,0,0,0,0,0,0,0,2,4,0,0,0,1,0,0,0,0,0,0.24,1,0.33,0,0,1,1,0,1,0,0,0,0,1,0,0,0,0,12.03
BrC1=C(CCCCCC)C=C(C2=C(CCCCCC)C=C(C3=CC=C(C(O)=O)C=C3)S2)S1,1.864,1001.34,22.924,19.085,22.304,15.528,11.781,14.207,8.378,11.801,5.806,9.173,3.916,7.038,5.969,9.901,0,0,5.563,18.405,80.911,12.133,34.806,41.91,0,532.111,0.444,-1.43,32,500.333,18990654.46,25.198,12.714,6.786,208.394,11.209,0.478,11.209,0.335,0.334,0.335,-0.88,-0.478,9.85,143.419,533.597,1,2,0,0,0,1,2,3,3,1,5,0,13,0,0,0,172,5.107,0,0,0,0,5.969,0,4.795,0,22.674,64.505,82.569,14.631,9.35,3,9.901,44.573,0,0,0,78.056,0,56.875,0,20.195,0,0,0,38.604,11.076,12.842,0,86.699,40.185,0,20.195,0,37.3,0,3.693,0,0,0,0,0,0,1.265,56.636,0,0,0,0,1,0,0,0,1,1,1,0,0,0,0,0,0,0,0,0,0,0,0,0,0,0,0,0,0,0,2,0,0,0,1,0,0,0,0,0,0,0,0,0,1,0,0,0,0,0,0,0,0,0,0,0,0,0,0,0,0,0,0,0,0,0,0,0,0,0,0,0,0,0,0,0,0,0,0,0,0,0,2,4,0,0,0,1,0,0,0,0,0,0.21,1,0.15,0,0,1,1,0,1,0,0,0,0,1,0,0,0,0,11.89
OP(CCN1C2=C(C=C(OC)C=C2)C3=C1C=CC(OC)=C3)(O)=O,2.249,850.361,16.613,12.892,13.786,10.925,7.113,8.911,5.306,7.083,3.894,4.677,2.787,3.248,7.596,14.352,0,12.707,0,33.305,0,14.22,40.965,0,9.474,335.092,0.25,-2.01,23,317.152,176683.263,15.869,5.888,3.059,132.952,11.241,0.497,11.241,0.327,0.204,0.327,-4.064,-0.497,2.989,89.459,335.296,2,6,0,0,0,2,1,3,4,2,7,0,5,0,0,0,122,23.828,11.499,0,0,0,7.596,4.565,0,0,0,0,36.398,28.351,20.382,3,23.826,29.402,0,4.567,0,6.545,20.382,36.398,0,11.499,9.474,0,11.499,7.596,34.735,11.11,0,0,36.398,0,21.806,0,80.92,0,0,0,0,0,0,0,0,13.16,44.646,0,0,0,0,0,1,0,0,0,0,0,0,0,0,0,1,0,0,0,0,0,0,0,0,0,0,0,0,0,0,1,0,0,0,2,0,3,0,0,0,0,2,0,0,0,0,0,0,0,0,0,0,0,0,0,2,0,0,0,0,0,0,0,0,0,0,0,0,0,0,0,0,0,0,0,0,0,0,0,0,0,0,0,0,0,0,1,0,0,0,0,0,0,1,0,0.69,0.05,0.874,0.076,1,0,0.9,0.1,0,0,1,0,1,0,0,0,19.6
OP(CCN1C2=C(C=C(OC)C=C2)C3=C1C=CC(OC)=C3)(O)=O,2.249,850.361,16.613,12.892,13.786,10.925,7.113,8.911,5.306,7.083,3.894,4.677,2.787,3.248,7.596,14.352,0,12.707,0,33.305,0,14.22,40.965,0,9.474,335.092,0.25,-2.01,23,317.152,176683.263,15.869,5.888,3.059,132.952,11.241,0.497,11.241,0.327,0.204,0.327,-4.064,-0.497,2.989,89.459,335.296,2,6,0,0,0,2,1,3,4,2,7,0,5,0,0,0,122,23.828,11.499,0,0,0,7.596,4.565,0,0,0,0,36.398,28.351,20.382,3,23.826,29.402,0,4.567,0,6.545,20.382,36.398,0,11.499,9.474,0,11.499,7.596,34.735,11.11,0,0,36.398,0,21.806,0,80.92,0,0,0,0,0,0,0,0,13.16,44.646,0,0,0,0,0,1,0,0,0,0,0,0,0,0,0,1,0,0,0,0,0,0,0,0,0,0,0,0,0,0,1,0,0,0,2,0,3,0,0,0,0,2,0,0,0,0,0,0,0,0,0,0,0,0,0,2,0,0,0,0,0,0,0,0,0,0,0,0,0,0,0,0,0,0,0,0,0,0,0,0,0,0,0,0,0,1,1,0,0,0,0,0,0,1,0,0.55,0.05,0.874,0.076,1,0,0.9,0.1,0,0,1,0,1,0,0,0,21.7
ClC1=CC=C(S(=O)(O)=O)C=C1,3.202,340.595,8.483,5.359,6.932,4.999,2.73,4.548,1.929,3.787,1.111,2.231,0.607,1.213,10.118,8.418,0,4.895,5.023,0,24.265,0,0,0,16.154,191.965,0,-0.58,11,187.583,230.735,8.516,2.809,2.181,69.363,10.457,0.294,10.457,0.294,0.151,0.282,-4.078,-0.282,1.587,41.267,192.623,1,3,0,0,0,1,0,1,2,1,5,0,1,0,0,0,60,0,0,0,0,10.118,0,4.553,0,8.418,0,11.601,24.265,5.023,4.895,1,12.971,21.719,0,0,0,4.895,0,29.288,0,0,0,0,0,11.601,12.971,10.118,0,0,29.161,5.023,0,0,54.37,0,1.407,0,0,0,0,0,0,29.422,5.532,0,0,0,0,0,0,0,0,0,0,0,0,0,0,0,0,0,0,0,0,0,0,0,0,0,0,0,0,0,0,0,0,0,0,1,0,0,0,0,0,0,0,0,0,1,0,0,0,0,0,0,0,0,0,0,0,0,0,0,0,0,0,0,0,0,0,0,0,0,0,0,0,0,0,0,0,0,0,0,0,0,0,0,0,0,1,0,0,1,0,0,0,0,0.5,0,0.33,0.05,0.874,0.076,1,0,0.9,0.1,0,0,1,0,1,0,0,0,21.8
OP(CCN1C2=C(C=C(OC)C=C2)C3=C1C=CC(OC)=C3)(O)=O,2.249,850.361,16.613,12.892,13.786,10.925,7.113,8.911,5.306,7.083,3.894,4.677,2.787,3.248,7.596,14.352,0,12.707,0,33.305,0,14.22,40.965,0,9.474,335.092,0.25,-2.01,23,317.152,176683.263,15.869,5.888,3.059,132.952,11.241,0.497,11.241,0.327,0.204,0.327,-4.064,-0.497,2.989,89.459,335.296,2,6,0,0,0,2,1,3,4,2,7,0,5,0,0,0,122,23.828,11.499,0,0,0,7.596,4.565,0,0,0,0,36.398,28.351,20.382,3,23.826,29.402,0,4.567,0,6.545,20.382,36.398,0,11.499,9.474,0,11.499,7.596,34.735,11.11,0,0,36.398,0,21.806,0,80.92,0,0,0,0,0,0,0,0,13.16,44.646,0,0,0,0,0,1,0,0,0,0,0,0,0,0,0,1,0,0,0,0,0,0,0,0,0,0,0,0,0,0,1,0,0,0,2,0,3,0,0,0,0,2,0,0,0,0,0,0,0,0,0,0,0,0,0,2,0,0,0,0,0,0,0,0,0,0,0,0,0,0,0,0,0,0,0,0,0,0,0,0,0,0,0,0,0,0,1,0,0,0,0,0,0,0.034,1,0.5,0.05,0.92,0.03,1,0,0.83,0.17,0,1,1,0,0,0,0,0,20.1
CCC(CCCC)COC(C=C1)=CC=C1C(C=C2)=CC3=C2N(C4=CC=C(C(O)=O)C=C4)C5=C3C=C(C6=CC=C(OCC(CCCC)CC)C=C6)C=C5,1.327,1938.082,36.451,31.237,31.237,25.414,19.302,19.302,14.155,14.155,10.571,10.571,7.125,7.125,5.969,9.901,0,5.563,11.836,87.301,38.525,12.133,12.133,117.191,9.474,695.397,0.34,-5.03,52,642.52,6.11932731837e+11,36.751,17.459,8.528,308.772,11.623,0.493,11.623,0.335,0.27,0.335,-0.931,-0.493,13.006,216.214,695.944,1,5,0,0,0,5,1,6,4,1,5,0,18,0,0,0,270,19.147,11.499,0,0,0,5.969,0,4.795,0,0,102.618,119.728,16.46,29.811,6,19.375,27.775,0,4.567,11.836,79.062,13.214,114.758,0,39.44,9.474,0,11.499,0,28.857,0,11.836,89.42,109.195,0,49.747,0,60.69,0,0,0,0,0,0,0,0,2.225,103.108,0,0,0,0,1,1,0,0,1,1,1,0,0,0,0,1,0,0,0,0,0,0,0,0,0,0,0,0,0,0,0,0,0,0,5,0,3,0,0,0,0,2,0,0,0,0,0,0,0,0,0,0,0,0,0,0,0,0,0,0,0,0,0,0,0,0,0,0,0,0,0,0,0,0,0,0,0,0,0,0,0,0,0,0,0,1,0.6,0,0,0.4,0,0,0,0.7,1,0.22,0.175,0.75,0.075,1,0,0.875,0.125,0,1,1,0,0,0,0,0,13.04
CC1(C)C2=C(C=CC=C2)C(C1=C3)=CC=C3N(C4=CC(C(C=CC=C5)=C5C6(C)C)=C6C=C4)C7=C8C(C=CC=C8)=C(C(O)=O)C=C7,1.397,2170.541,30.38,25.35,25.35,21.175,15.217,15.217,13.119,13.119,10.023,10.023,7.77,7.77,5.969,9.901,0,10.83,5.563,27.835,44.508,6.066,30.332,117.524,0,571.251,0.146,-5.15,44,538.456,15674083904,26.475,9.174,3.59,257.6,12.235,0.478,12.235,0.336,0.089,0.336,-0.923,-0.478,10.62,180.718,571.72,1,3,2,0,2,6,0,6,2,1,3,0,4,0,0,0,214,10.006,0,0,0,0,5.969,0,4.795,0,0,112.624,86.292,27.591,11.251,8,9.901,33.804,0,0,0,38.525,4.9,149.145,0,22.254,4.9,17.062,0,0,11.076,10.83,0,60.307,121.327,0,33.026,0,40.54,0,0,0,0,0,0,0,0,0,90.5,0,0,0,0,1,0,0,0,1,1,1,0,0,0,0,1,0,0,0,0,0,0,0,0,0,0,0,0,0,3,0,0,0,0,6,0,7,0,0,0,0,0,0,0,0,0,0,0,0,0,0,0,0,0,0,0,0,0,0,0,0,0,0,0,0,0,0,0,0,0,0,0,0,0,0,0,0,0,0,0,0,0,0,0,0,1,1,0,0,0,0,0,0,0.57,1,0.03,0.175,0.75,0.075,1,0,0.875,0.125,0,1,1,0,0,0,0,0,20
O=C(O)C(C=C1)=CC=C1C(C=C2)=CC=C2N3C4=C(C=C(C5=CC=CS5)C=C4)C6=C3C=CC(C7=CC=CS7)=C6,1.388,1821.086,25.639,20.166,21.799,18.653,12.258,14.017,9.183,11.079,6.967,8.805,5.102,6.55,5.969,9.901,0,0,5.563,16.814,42.687,34.806,12.133,100.256,0,527.101,0,-4.45,38,506.502,1413244452,22.725,9.137,3.842,227.044,11.213,0.478,11.213,0.335,0.291,0.335,-0.914,-0.478,9.606,159.802,527.67,1,3,0,0,0,4,3,7,4,1,5,0,5,0,0,0,182,9.674,0,0,0,0,5.969,0,4.795,0,22.674,48.531,93.678,26.214,16.597,7,9.901,50.449,0,4.567,0,0,0,125.518,0,37.695,0,0,0,22.674,15.643,0,0,10.358,119.955,0,59.501,0,42.23,0,3.517,0,0,0,0,0,0,2.332,74.485,0,0,0,0,1,1,0,0,1,1,1,0,0,0,0,1,0,0,0,0,0,0,0,0,0,0,0,0,0,0,0,0,0,0,4,0,3,0,0,0,0,0,0,0,0,0,0,0,0,0,0,0,0,0,0,0,0,0,0,0,0,0,0,0,0,0,0,0,0,0,0,0,0,0,0,0,0,0,0,0,0,0,2,0,0,0,0,0,0,1,0,0,0,52.77,0,0.45,0.05,0.8075,0.1425,1,0,0.85,0.15,0,0,1,0,1,0,0,0,18.63
O=C(O)C(C=C1)=CC=C1C(C=C2)=CC=C2N3C4=C(C=C(C5=CC=C(C6=CC=CS6)C=C5)C=C4)C7=C3C=CC(C8=CC=C(C9=CC=CS9)C=C8)=C7,1.154,2479.255,33.606,26.785,28.418,24.586,16.4,18.16,12.338,14.233,9.404,11.241,6.808,8.274,5.969,9.901,0,5.563,0,27.848,53.907,34.806,12.133,148.787,0,679.164,0,-6.01,50,650.634,8.15966357467e+11,30.078,12.462,5.43,297.158,11.355,0.478,11.355,0.335,0.284,0.335,-0.921,-0.478,12.94,210.674,679.866,1,3,0,0,0,6,3,9,4,1,5,0,7,0,0,0,238,9.674,0,0,0,0,5.969,0,4.795,0,22.674,97.062,115.931,26.214,16.597,9,9.901,50.449,0,4.567,0,0,0,174.049,0,59.949,0,0,0,22.674,15.643,0,0,10.358,168.486,0,81.755,0,42.23,0,3.517,0,0,0,0,0,0,2.343,97.141,0,0,0,0,1,1,0,0,1,1,1,0,0,0,0,1,0,0,0,0,0,0,0,0,0,0,0,0,0,0,0,0,0,0,6,0,3,0,0,0,0,0,0,0,0,0,0,0,0,0,0,0,0,0,0,0,0,0,0,0,0,0,0,0,0,0,0,0,0,0,0,0,0,0,0,0,0,0,0,0,0,0,2,0,0,0,0,0,0,1,0,0,0,67.99,0,0.62,0.05,0.8075,0.1425,1,0,0.85,0.15,0,0,1,0,1,0,0,0,19.8
O=C(O)C(C=C1)=CC=C1C(C=C2)=CC=C2N3C4=C(C=C(C5=CC=C(CO)C=C5)C=C4)C6=C3C=CC(C7=CC=C(CO)C=C7)=C6,1.37,2019.597,30.208,23.813,23.813,21.517,14.45,14.45,10.939,10.939,8.295,8.295,5.874,5.874,5.969,20.114,0,18.777,0,72.001,0,12.133,60.664,65.231,0,575.21,0.051,-5.49,44,546.432,19215490552,27.35,11.303,4.943,254.081,11.273,0.478,11.273,0.335,0.015,0.335,-0.936,-0.478,8.468,175.894,575.664,3,5,0,0,0,6,1,7,4,3,5,0,7,0,0,0,214,19.887,0,0,0,0,5.969,0,4.795,0,0,84.929,93.039,16.46,29.811,7,20.114,27.775,0,4.567,0,13.214,0,150.15,0,39.068,0,0,0,0,25.856,13.214,0,21.485,133.46,0,60.874,0,82.69,0,0,0,0,0,0,0,0,2.277,96.723,0,2,2,0,1,1,0,0,1,1,1,0,0,0,0,1,0,0,0,0,0,0,0,0,0,0,0,0,0,0,0,0,0,0,6,0,3,0,0,0,0,0,0,0,0,0,0,0,0,0,0,0,0,0,0,0,0,0,0,0,0,0,0,0,0,0,0,0,0,0,0,0,0,0,0,0,0,0,0,0,0,0,0,0,0,0,0,0,0,1,0,0,0,57.57,0,0.29,0.05,0.8075,0.1425,1,0,0.85,0.15,0,0,1,0,1,0,0,0,16.27
O=C(O)C(C=C1)=CC=C1C(C=C2)=CC=C2N3C4=C(C=CC=C4)C5=C3C=CC=C5,1.619,1259.557,19.087,15.04,15.04,13.72,9.146,9.146,6.799,6.799,5.171,5.171,3.809,3.809,5.969,4.795,0,0,5.563,16.814,21.806,12.133,12.133,77.364,5.107,363.126,0,-3.85,28,346.28,5511818.332,16.333,6.393,2.565,161.649,11.036,0.478,11.036,0.335,0.297,0.335,-0.909,-0.478,6.149,113.176,363.416,1,3,0,0,0,4,1,5,2,1,3,0,3,0,0,0,134,9.674,0,0,0,0,5.969,0,4.795,0,0,60.664,47.525,16.46,16.597,5,9.901,27.775,0,4.567,0,0,0,102.625,0,16.814,0,0,0,0,15.643,0,0,10.358,97.062,0,38.62,0,42.23,0,0,0,0,0,0,0,0,2.28,59.72,0,0,0,0,1,1,0,0,1,1,1,0,0,0,0,1,0,0,0,0,0,0,0,0,0,0,0,0,0,0,0,0,0,0,4,0,3,0,0,0,0,0,0,0,0,0,0,0,0,0,0,0,0,0,0,0,0,0,0,0,0,0,0,0,2,0,0,0,0,0,0,0,0,0,0,0,0,0,0,0,0,0,0,0,0,0,0,0,0,1,0,0,0,36.34,0,0.06,0.05,0.8075,0.1425,1,0,0.85,0.15,0,0,1,0,1,0,0,0,14.93
OC(C(C=C1)=CC=C1N2C3=C(C=C(C4=C(OC)C=C(OC)C=C4)C=C3)C5=C2C=CC(C6=C(OC)C=C(OC)C=C6)=C5)=O,1.614,1842.863,29.38,23.673,23.673,20.448,13.322,13.322,9.784,9.784,7.577,7.577,5.464,5.464,5.969,9.901,0,5.563,11.499,61.246,0,40.572,48.531,40.965,18.947,559.199,0.114,-5.43,42,530.386,4781464308,26.775,10.858,4.546,242.62,11.51,0.497,11.51,0.335,0.238,0.335,-0.958,-0.497,7.85,164.82,559.618,1,7,0,0,0,5,1,6,6,1,7,0,8,0,0,0,210,28.621,22.998,0,0,0,5.969,0,4.795,0,0,12.133,83.923,39.719,45.036,6,28.849,27.775,0,4.567,0,0,28.439,102.625,0,50.939,18.947,0,22.998,0,44.082,0,0,10.358,97.062,0,49.747,0,79.15,0,0,0,0,0,0,0,0,2.153,91.847,0,0,0,0,1,1,0,0,1,1,1,0,0,0,0,1,0,0,0,0,0,0,0,0,0,0,0,0,0,0,0,0,0,0,5,0,3,0,0,0,0,4,0,0,0,0,0,0,0,0,0,0,0,0,0,4,0,0,0,0,0,0,0,0,0,0,0,0,0,0,0,0,0,0,0,0,0,0,0,0,0,0,0,0,0,0,0,0,0,1,0,0,0,55.96,0,0.58,0.05,0.8075,0.1425,1,0,0.85,0.15,0,0,1,0,1,0,0,0,20.18
OP(CCCCN1C2=CC=C(C)C=C2C3=CC(C)=CC=C31)(O)=O,1.988,848.157,16.613,13.49,14.384,10.849,7.888,9.686,6.288,8.065,4.257,5.156,3.16,3.796,7.596,4.565,0,6.162,6.421,12.966,32.933,0,0,54.813,9.787,331.134,0.333,-1.61,23,309.176,152678.807,16.255,6.121,3.5,135.455,10.98,0.34,10.98,0.325,0.039,0.325,-3.891,-0.34,4.369,95.063,331.352,2,4,0,0,0,2,1,3,2,2,5,0,5,0,0,0,122,14.354,0,0,0,0,7.596,4.565,0,0,0,23.26,50.955,34.513,0,3,14.352,29.402,0,4.567,0,33.234,6.162,47.525,0,0,0,0,0,7.596,20.516,11.11,13.847,23.969,36.398,0,21.806,0,62.46,0,0,0,0,0,0,0,0,13.247,40.559,0,0,0,0,0,1,0,0,0,0,0,0,0,0,0,1,0,0,0,0,0,0,0,0,0,0,0,0,0,0,3,0,0,0,2,0,3,0,0,0,0,0,0,0,0,0,0,0,0,0,0,0,0,0,0,0,0,0,0,0,0,0,0,0,0,0,0,0,0,0,0,0,0,0,0,0,0,0,0,0,0,0,0,1,0,0,1,0,0,0,0,0,0,0.5,0,-0.16,0.05,0.9025,0.0475,1,0,0.95,0.05,0,1,1,0,0,0,0,0,23.82
OP(CCCCN1C2=C(C=C(OCCOC)C=C2)C3=C1C=CC(OCCOC)=C3)(O)=O,1.923,975.938,22.269,17.951,18.845,14.925,10.268,12.065,7.287,9.064,5.001,5.9,3.556,4.192,7.596,4.565,0,6.162,45.814,33.305,0,14.22,36.398,4.567,28.734,451.176,0.455,-2.09,31,421.216,8557198.619,23.571,10.977,6.447,181.369,11.15,0.491,11.15,0.325,0.098,0.325,-3.972,-0.491,3.803,120.331,451.456,2,8,0,0,0,2,1,3,6,2,9,0,13,0,0,0,170,33.301,24.713,0,0,0,7.596,4.565,0,0,0,0,49.24,48.732,13.214,3,33.299,29.402,0,4.567,0,19.386,46.809,36.398,0,11.499,9.474,0,11.499,7.596,61.163,20.584,0,12.842,36.398,0,21.806,0,99.38,0,0,0,0,0,0,0,0,13.333,60.472,0,0,0,0,0,1,0,0,0,0,0,0,0,0,0,1,0,0,0,0,0,0,0,0,0,0,0,0,0,0,1,0,0,0,2,0,3,0,0,0,0,4,0,0,0,0,0,0,0,0,0,0,0,0,0,2,0,0,0,0,0,0,0,0,0,0,0,0,0,0,0,0,0,0,0,0,0,0,0,0,0,0,0,3,0,0,0,0,0,0,0,1,0,0.5,1,0.09,0.05,0.9025,0.0475,1,0,0.95,0.05,0,0,1,0,0,1,0,0,24.71
OP(CCCCN1C2=C(C=C(OCCOC)C=C2)C3=C1C=CC(OCCOC)=C3)(O)=O,1.923,975.938,22.269,17.951,18.845,14.925,10.268,12.065,7.287,9.064,5.001,5.9,3.556,4.192,7.596,4.565,0,6.162,45.814,33.305,0,14.22,36.398,4.567,28.734,451.176,0.455,-2.09,31,421.216,8557198.619,23.571,10.977,6.447,181.369,11.15,0.491,11.15,0.325,0.098,0.325,-3.972,-0.491,3.803,120.331,451.456,2,8,0,0,0,2,1,3,6,2,9,0,13,0,0,0,170,33.301,24.713,0,0,0,7.596,4.565,0,0,0,0,49.24,48.732,13.214,3,33.299,29.402,0,4.567,0,19.386,46.809,36.398,0,11.499,9.474,0,11.499,7.596,61.163,20.584,0,12.842,36.398,0,21.806,0,99.38,0,0,0,0,0,0,0,0,13.333,60.472,0,0,0,0,0,1,0,0,0,0,0,0,0,0,0,1,0,0,0,0,0,0,0,0,0,0,0,0,0,0,1,0,0,0,2,0,3,0,0,0,0,4,0,0,0,0,0,0,0,0,0,0,0,0,0,2,0,0,0,0,0,0,0,0,0,0,0,0,0,0,0,0,0,0,0,0,0,0,0,0,0,0,0,3,0,0,0,0,0,0,0,1,0,1,1,0.09,0.05,0.9025,0.0475,1,0,0.95,0.05,0,0,1,0,0,1,0,0,25.52
OP(CCCCN1C2=C(C=C(OCCOC)C=C2)C3=C1C=CC(OCCOC)=C3)(O)=O,1.923,975.938,22.269,17.951,18.845,14.925,10.268,12.065,7.287,9.064,5.001,5.9,3.556,4.192,7.596,4.565,0,6.162,45.814,33.305,0,14.22,36.398,4.567,28.734,451.176,0.455,-2.09,31,421.216,8557198.619,23.571,10.977,6.447,181.369,11.15,0.491,11.15,0.325,0.098,0.325,-3.972,-0.491,3.803,120.331,451.456,2,8,0,0,0,2,1,3,6,2,9,0,13,0,0,0,170,33.301,24.713,0,0,0,7.596,4.565,0,0,0,0,49.24,48.732,13.214,3,33.299,29.402,0,4.567,0,19.386,46.809,36.398,0,11.499,9.474,0,11.499,7.596,61.163,20.584,0,12.842,36.398,0,21.806,0,99.38,0,0,0,0,0,0,0,0,13.333,60.472,0,0,0,0,0,1,0,0,0,0,0,0,0,0,0,1,0,0,0,0,0,0,0,0,0,0,0,0,0,0,1,0,0,0,2,0,3,0,0,0,0,4,0,0,0,0,0,0,0,0,0,0,0,0,0,2,0,0,0,0,0,0,0,0,0,0,0,0,0,0,0,0,0,0,0,0,0,0,0,0,0,0,0,3,0,0,0,0,0,0,0,1,0,2,1,0.09,0.05,0.9025,0.0475,1,0,0.95,0.05,0,0,1,0,0,1,0,0,23.79
OP(CCCCN1C2=CC=C(C=C2C3=CC(OC)=CC=C31)OC)(O)=O,2.013,882.185,18.027,14.306,15.201,11.925,8.113,9.911,6.013,7.79,4.36,5.259,3.145,3.78,7.596,4.565,0,6.162,19.386,33.305,0,14.22,36.398,4.567,19.261,363.124,0.333,-2.01,25,341.174,470249.053,17.802,7.081,3.815,145.682,11.018,0.497,11.018,0.325,0.078,0.325,-3.932,-0.497,3.77,98.693,363.35,2,6,0,0,0,2,1,3,4,2,7,0,7,0,0,0,134,23.828,11.499,0,0,0,7.596,4.565,0,0,0,0,49.24,34.513,14.22,3,23.826,29.402,0,4.567,0,19.386,20.382,36.398,0,11.499,9.474,0,11.499,7.596,34.735,11.11,0,12.842,36.398,0,21.806,0,80.92,0,0,0,0,0,0,0,0,13.202,47.604,0,0,0,0,0,1,0,0,0,0,0,0,0,0,0,1,0,0,0,0,0,0,0,0,0,0,0,0,0,0,1,0,0,0,2,0,3,0,0,0,0,2,0,0,0,0,0,0,0,0,0,0,0,0,0,2,0,0,0,0,0,0,0,0,0,0,0,0,0,0,0,0,0,0,0,0,0,0,0,0,0,0,0,1,0,0,1,0,0,0,0,0,0,1,1,0.5,0.05,0.9025,0.0475,1,0,0.95,0.05,0,0,1,0,0,1,0,0,22.54
OP(CCCCN1C2=CC=C(C)C=C2C3=CC(C)=CC=C31)(O)=O,1.988,848.157,16.613,13.49,14.384,10.849,7.888,9.686,6.288,8.065,4.257,5.156,3.16,3.796,7.596,4.565,0,6.162,6.421,12.966,32.933,0,0,54.813,9.787,331.134,0.333,-1.61,23,309.176,152678.807,16.255,6.121,3.5,135.455,10.98,0.34,10.98,0.325,0.039,0.325,-3.891,-0.34,4.369,95.063,331.352,2,4,0,0,0,2,1,3,2,2,5,0,5,0,0,0,122,14.354,0,0,0,0,7.596,4.565,0,0,0,23.26,50.955,34.513,0,3,14.352,29.402,0,4.567,0,33.234,6.162,47.525,0,0,0,0,0,7.596,20.516,11.11,13.847,23.969,36.398,0,21.806,0,62.46,0,0,0,0,0,0,0,0,13.247,40.559,0,0,0,0,0,1,0,0,0,0,0,0,0,0,0,1,0,0,0,0,0,0,0,0,0,0,0,0,0,0,3,0,0,0,2,0,3,0,0,0,0,0,0,0,0,0,0,0,0,0,0,0,0,0,0,0,0,0,0,0,0,0,0,0,0,0,0,0,0,0,0,0,0,0,0,0,0,0,0,0,0,0,0,1,0,0,1,0,0,0,0,0,0,0.8,1,0.39,0.05,0.9025,0.0475,1,0,0.95,0.05,0,0,1,0,0,1,0,0,23.38
OP(CCCCN1C2=CC=C(C)C=C2C3=CC(C)=CC=C31)(O)=O,1.988,848.157,16.613,13.49,14.384,10.849,7.888,9.686,6.288,8.065,4.257,5.156,3.16,3.796,7.596,4.565,0,6.162,6.421,12.966,32.933,0,0,54.813,9.787,331.134,0.333,-1.61,23,309.176,152678.807,16.255,6.121,3.5,135.455,10.98,0.34,10.98,0.325,0.039,0.325,-3.891,-0.34,4.369,95.063,331.352,2,4,0,0,0,2,1,3,2,2,5,0,5,0,0,0,122,14.354,0,0,0,0,7.596,4.565,0,0,0,23.26,50.955,34.513,0,3,14.352,29.402,0,4.567,0,33.234,6.162,47.525,0,0,0,0,0,7.596,20.516,11.11,13.847,23.969,36.398,0,21.806,0,62.46,0,0,0,0,0,0,0,0,13.247,40.559,0,0,0,0,0,1,0,0,0,0,0,0,0,0,0,1,0,0,0,0,0,0,0,0,0,0,0,0,0,0,3,0,0,0,2,0,3,0,0,0,0,0,0,0,0,0,0,0,0,0,0,0,0,0,0,0,0,0,0,0,0,0,0,0,0,0,0,0,0,0,0,0,0,0,0,0,0,0,0,0,0,0,0,1,0,0,0,0,1,0,0,0,0,0.5,0,0.42,1,0,0,1,0,1,0,0,1,1,0,1,0,0,0,19.61
OP(CCCCN1C2=CC=C(C)C=C2C3=CC(C)=CC=C31)(O)=O,1.988,848.157,16.613,13.49,14.384,10.849,7.888,9.686,6.288,8.065,4.257,5.156,3.16,3.796,7.596,4.565,0,6.162,6.421,12.966,32.933,0,0,54.813,9.787,331.134,0.333,-1.61,23,309.176,152678.807,16.255,6.121,3.5,135.455,10.98,0.34,10.98,0.325,0.039,0.325,-3.891,-0.34,4.369,95.063,331.352,2,4,0,0,0,2,1,3,2,2,5,0,5,0,0,0,122,14.354,0,0,0,0,7.596,4.565,0,0,0,23.26,50.955,34.513,0,3,14.352,29.402,0,4.567,0,33.234,6.162,47.525,0,0,0,0,0,7.596,20.516,11.11,13.847,23.969,36.398,0,21.806,0,62.46,0,0,0,0,0,0,0,0,13.247,40.559,0,0,0,0,0,1,0,0,0,0,0,0,0,0,0,1,0,0,0,0,0,0,0,0,0,0,0,0,0,0,3,0,0,0,2,0,3,0,0,0,0,0,0,0,0,0,0,0,0,0,0,0,0,0,0,0,0,0,0,0,0,0,0,0,0,0,0,0,0,0,0,0,0,0,0,0,0,0,0,0,0,0,0,1,0,0,0,0,1,0,0,0,0,1,0,0.42,1,0,0,1,0,1,0,0,1,1,0,1,0,0,0,20.21
OP(CCCCN1C2=CC=C(C)C=C2C3=CC(C)=CC=C31)(O)=O,1.988,848.157,16.613,13.49,14.384,10.849,7.888,9.686,6.288,8.065,4.257,5.156,3.16,3.796,7.596,4.565,0,6.162,6.421,12.966,32.933,0,0,54.813,9.787,331.134,0.333,-1.61,23,309.176,152678.807,16.255,6.121,3.5,135.455,10.98,0.34,10.98,0.325,0.039,0.325,-3.891,-0.34,4.369,95.063,331.352,2,4,0,0,0,2,1,3,2,2,5,0,5,0,0,0,122,14.354,0,0,0,0,7.596,4.565,0,0,0,23.26,50.955,34.513,0,3,14.352,29.402,0,4.567,0,33.234,6.162,47.525,0,0,0,0,0,7.596,20.516,11.11,13.847,23.969,36.398,0,21.806,0,62.46,0,0,0,0,0,0,0,0,13.247,40.559,0,0,0,0,0,1,0,0,0,0,0,0,0,0,0,1,0,0,0,0,0,0,0,0,0,0,0,0,0,0,3,0,0,0,2,0,3,0,0,0,0,0,0,0,0,0,0,0,0,0,0,0,0,0,0,0,0,0,0,0,0,0,0,0,0,0,0,0,0,0,0,0,0,0,0,0,0,0,0,0,0,0,0,1,0,0,0,0,1,0,0,0,0,2,0,0.42,1,0,0,1,0,1,0,0,1,1,0,1,0,0,0,19.51
O=C(O)C(C=C1)=CC=C1N2C3=C(C=C(N(C4=CC=C(C)C=C4)C5=CC=C(C)C=C5)C=C3)C6=C2C=CC(N(C7=CC=C(C)C=C7)C8=CC=C(C)C=C8)=C6,1.383,2305.947,35.932,29.708,29.708,25.228,17.523,17.523,13.603,13.603,9.79,9.79,6.978,6.978,5.969,9.901,0,5.563,0,61.618,22.254,12.133,12.133,175.522,0,677.304,0.085,-6.59,52,638.536,8.40180275424e+11,32.605,13.271,6.07,303.799,11.752,0.478,11.752,0.335,0.257,0.335,-0.942,-0.478,12.655,216.054,677.848,1,5,0,0,0,7,1,8,4,1,5,0,8,0,0,0,254,19.473,0,0,0,0,5.969,0,4.795,0,0,70.785,136.89,50.584,16.597,8,9.901,61.899,0,4.567,0,27.695,9.8,185.543,0,5.687,9.8,34.124,0,0,15.643,0,27.695,32.612,157.726,0,27.493,0,48.71,0,0,0,0,0,0,0,0,2.23,105.103,0,0,0,0,1,1,0,0,1,1,1,0,0,0,0,3,0,0,0,0,0,0,0,0,0,0,0,0,0,6,4,0,0,0,7,0,3,0,0,0,0,0,0,0,0,0,0,0,0,0,0,0,0,0,0,0,0,0,0,0,0,0,0,0,0,0,0,0,0,0,0,0,0,0,0,0,0,0,0,0,0,0,0,0,0,0,0,0,0,1,0,0,0,67.79,0,0.59,0.05,0.8075,0.1425,1,0,0.85,0.15,0,0,1,0,0,1,0,0,18.86
CC(C=C1)=CC=C1N(C2=CC=C(C)C=C2)C(C=C3)=CC4=C3N(C5=CC=C(C6=CC=C(C(O)=O)C=C6)C=C5)C7=C4C=C(N(C8=CC=C(C)C=C8)C9=CC=C(C)C=C9)C=C7,1.253,2666.561,39.915,33.018,33.018,28.195,19.594,19.594,15.181,15.181,11.008,11.008,7.834,7.834,5.969,9.901,0,5.563,0,72.744,22.254,12.133,12.133,199.787,0,753.336,0.075,-7.37,58,710.602,2.00884529763e+13,36.279,14.941,6.88,338.857,11.485,0.478,11.485,0.335,0.274,0.335,-0.929,-0.478,14.322,241.49,753.946,1,5,0,0,0,8,1,9,4,1,5,0,9,0,0,0,282,19.473,0,0,0,0,5.969,0,4.795,0,0,95.05,148.016,50.584,16.597,9,9.901,61.899,0,4.567,0,27.695,9.8,209.808,0,16.814,9.8,34.124,0,0,15.643,0,27.695,32.612,181.991,0,38.62,0,48.71,0,0,0,0,0,0,0,0,2.347,116.32,0,0,0,0,1,1,0,0,1,1,1,0,0,0,0,3,0,0,0,0,0,0,0,0,0,0,0,0,0,6,4,0,0,0,8,0,3,0,0,0,0,0,0,0,0,0,0,0,0,0,0,0,0,0,0,0,0,0,0,0,0,0,0,0,0,0,0,0,0,0,0,0,0,0,0,0,0,0,0,0,0,0,0,0,0,0,0,0,0,1,0,0,0,75.4,0,0.63,0.05,0.8075,0.1425,1,0,0.85,0.15,0,0,1,0,0,1,0,0,17.85
O=C(O)C(C=C1)=CC=C1C(C=C2)=CC=C2N3C4=C(C=C(C5=CC=CC=C5)C=C4)C6=C3C=CC(C7=CC=CC=C7)=C6,1.391,1889.97,27.053,21.659,21.659,19.653,13.289,13.289,9.961,9.961,7.57,7.57,5.53,5.53,5.969,9.901,0,5.563,0,27.848,33.026,12.133,24.265,113.762,0,515.189,0,-5.41,40,490.412,3236266236,23.688,9.718,4.144,231.763,11.24,0.478,11.24,0.335,0.287,0.335,-0.917,-0.478,9.483,164.048,515.612,1,3,0,0,0,6,1,7,2,1,3,0,5,0,0,0,190,9.674,0,0,0,0,5.969,0,4.795,0,0,97.062,81.912,16.46,16.597,7,9.901,27.775,0,4.567,0,0,0,151.156,0,39.068,0,0,0,0,15.643,0,0,10.358,145.593,0,60.874,0,42.23,0,0,0,0,0,0,0,0,2.325,82.342,0,0,0,0,1,1,0,0,1,1,1,0,0,0,0,1,0,0,0,0,0,0,0,0,0,0,0,0,0,0,0,0,0,0,6,0,3,0,0,0,0,0,0,0,0,0,0,0,0,0,0,0,0,0,0,0,0,0,0,0,0,0,0,0,0,0,0,0,0,0,0,0,0,0,0,0,0,0,0,0,0,0,0,0,0,0,0,0,0,1,0,0,0,51.56,0,0.03,0.05,0.8075,0.1425,1,0,0.85,0.15,0,0,1,0,0,1,0,0,17.55
OC(C(C=C1)=CC=C1N2C3=C(C=C(C4=C(OC)C=C(OC)C=C4)C=C3)C5=C2C=CC(C6=C(OC)C=C(OC)C=C6)=C5)=O,1.614,1842.863,29.38,23.673,23.673,20.448,13.322,13.322,9.784,9.784,7.577,7.577,5.464,5.464,5.969,9.901,0,5.563,11.499,61.246,0,40.572,48.531,40.965,18.947,559.199,0.114,-5.43,42,530.386,4781464308,26.775,10.858,4.546,242.62,11.51,0.497,11.51,0.335,0.238,0.335,-0.958,-0.497,7.85,164.82,559.618,1,7,0,0,0,5,1,6,6,1,7,0,8,0,0,0,210,28.621,22.998,0,0,0,5.969,0,4.795,0,0,12.133,83.923,39.719,45.036,6,28.849,27.775,0,4.567,0,0,28.439,102.625,0,50.939,18.947,0,22.998,0,44.082,0,0,10.358,97.062,0,49.747,0,79.15,0,0,0,0,0,0,0,0,2.153,91.847,0,0,0,0,1,1,0,0,1,1,1,0,0,0,0,1,0,0,0,0,0,0,0,0,0,0,0,0,0,0,0,0,0,0,5,0,3,0,0,0,0,4,0,0,0,0,0,0,0,0,0,0,0,0,0,4,0,0,0,0,0,0,0,0,0,0,0,0,0,0,0,0,0,0,0,0,0,0,0,0,0,0,0,0,0,0,0,0,0,1,0,0,0,55.96,0,0.58,0.05,0.8075,0.1425,1,0,0.85,0.15,0,0,1,0,0,1,0,0,20.18
COC(C=C1)=CC=C1N(C2=CC=C(OC)C=C2)C(C=C3)=CC=C3C4=CC=C(C5=CC=C(C(O)=O)C=C5)C6=NSN=C64,1.371,1767.897,28.346,22.314,23.131,20.05,12.832,13.562,9.283,9.811,6.956,7.484,4.825,5.398,5.969,9.901,0,5.563,0,73.577,0,38.485,60.664,37.912,9.474,559.157,0.061,-5.21,41,534.447,3798587315,26.035,11.112,5.082,240.741,11.267,0.497,11.267,0.335,0.247,0.335,-0.951,-0.497,8.211,163.033,559.647,1,7,0,0,0,5,1,6,7,1,8,0,8,0,0,0,202,19.48,22.532,0,0,0,5.969,0,4.795,8.747,0,36.398,83.923,28.189,31.511,6,19.375,45.793,0,8.747,0,0,19.12,114.758,0,33.753,14.374,17.062,11.499,11.728,34.043,0,0,10.358,109.195,0,33.287,0,84.78,0,1.164,0,0,0,0,0,0,9.192,81.143,0,0,0,0,1,2,0,0,1,1,1,0,0,0,0,3,0,0,0,0,0,0,0,0,0,0,0,0,0,3,0,0,0,0,5,0,1,0,0,0,0,2,0,0,0,0,0,0,0,0,0,0,0,0,0,2,0,0,0,0,0,0,0,0,0,0,0,0,0,0,0,0,0,0,0,0,0,0,0,0,0,0,0,0,0,1,0,0,0,0,1,0,0,1.5,0,0.48,0.04,0.9216,0.0384,1,0,0.96,0.04,0,0,1,0,1,0,1,0,24.8
COC(C=C1)=CC=C1N(C2=CC=C(OC)C=C2)C(C=C3)=CC=C3C4=CC=C(C5=CC(F)=C(C(O)=O)C=C5)C6=NSN=C64,1.379,1841.548,29.217,22.615,23.431,20.461,12.937,13.668,9.4,9.929,7.024,7.552,4.888,5.462,11.787,14.291,0,5.563,22.16,51.416,12.133,20.286,84.929,13.647,9.474,577.147,0.061,-5.28,42,553.445,5392928539,26.918,11.304,5.015,244.906,14.45,0.497,14.45,0.338,0.374,0.338,-1.309,-0.497,8.35,162.991,577.637,1,7,0,0,0,5,1,6,7,1,9,0,8,0,0,0,208,19.48,28.35,0,0,0,5.969,0,9.185,8.747,0,30.332,83.923,28.189,31.511,6,23.765,45.793,0,8.747,0,0,19.12,114.509,0,33.753,14.374,21.453,11.499,11.728,34.043,0,5.817,10.358,103.128,0,33.287,0,84.78,0,1.075,0,0,0,0,0,0,23.478,74.614,0,0,0,0,1,2,0,0,1,1,1,0,0,0,0,3,0,0,0,0,0,0,0,0,0,0,0,0,0,3,0,0,0,0,5,0,1,0,0,0,0,2,0,0,1,0,0,0,0,0,0,0,0,0,0,2,0,0,0,0,0,0,0,0,0,0,0,0,0,0,0,0,0,0,0,0,0,0,0,0,0,0,0,0,0,1,0,0,0,0,1,0,0,1.5,0,0.43,0.04,0.9216,0.0384,1,0,0.96,0.04,0,0,1,0,1,0,1,0,24
COC(C=C1)=CC=C1N(C2=CC=C(OC)C=C2)C(C=C3)=CC=C3C4=CC=C(C5=CC(C(O)=O)=CC(C(O)=O)=C5)C6=NSN=C64,1.401,1908.247,30.794,23.592,24.409,21.355,13.42,14.151,9.81,10.338,7.251,7.78,5.062,5.636,11.939,19.802,0,11.127,22.16,57.483,12.133,14.22,84.929,13.647,9.474,603.146,0.059,-5.74,44,578.456,12932291858,28.383,11.864,5.413,256.061,11.693,0.497,11.693,0.335,0.117,0.335,-1.211,-0.497,7.909,169.993,603.656,2,9,0,0,0,5,1,6,8,2,10,0,9,0,0,0,218,24.587,22.532,0,0,0,11.939,0,9.589,8.747,0,24.265,89.99,28.189,37.075,6,29.276,51.762,0,8.747,0,0,19.12,114.255,0,33.753,14.374,17.062,11.499,11.728,45.118,0,0,20.716,103.128,0,33.287,0,122.08,0,1.039,0,0,0,0,0,0,9.036,95.759,0,0,0,0,2,2,0,0,2,2,2,0,0,0,0,3,0,0,0,0,0,0,0,0,0,0,0,0,0,3,0,0,0,0,5,0,1,0,0,0,0,2,0,0,0,0,0,0,0,0,0,0,0,0,0,2,0,0,0,0,0,0,0,0,0,0,0,0,0,0,0,0,0,0,0,0,0,0,0,0,0,0,0,0,0,1,0,0,0,0,1,0,0,1.5,0,0.37,0.04,0.9216,0.0384,1,0,0.96,0.04,0,0,1,0,1,0,1,0,23.1
O=C(O)C1=CNN=C1,2.928,179.928,5.983,3.957,3.957,3.805,2.026,2.026,1.292,1.292,0.745,0.745,0.368,0.368,5.969,4.795,0,5.563,0,0,12.394,0,0,10.197,5.107,112.027,0,-1.32,8,108.056,93.103,4.83,1.651,0.676,45.149,10.002,0.478,10.002,0.338,0.185,0.338,-0.959,-0.478,0.108,25.547,112.088,2,4,0,0,0,0,1,1,2,2,4,0,1,0,0,0,42,5.107,0,0,0,0,5.969,5.099,4.795,5.099,0,0,0,6.197,11.76,1,9.901,5.969,0,10.197,0,0,0,17.957,0,0,0,0,0,0,21.273,0,0,10.358,12.394,0,0,0,65.98,0,0,0,0,0,0,0,0,0,25.833,0,0,0,0,1,2,1,0,1,1,1,0,0,0,0,1,1,0,0,0,0,1,0,0,0,0,0,0,0,0,0,0,0,0,0,0,0,0,0,0,0,0,0,0,0,0,0,0,0,0,0,0,0,0,0,0,0,0,0,0,0,0,0,0,0,0,0,0,0,0,0,0,0,0,0,0,0,0,0,0,0,0,0,0,0,1,0,0,1,0,0,0,0,1,0,0.42,0.05,0.9,0.05,1,0,0.95,0.05,0,0,1,0,1,0,0,0,23.77
O=C(O)C1=CSC=C1,2.928,178.319,5.983,3.996,4.812,3.805,2.06,3.003,1.317,2.097,0.768,1.451,0.386,1.016,5.969,4.795,0,0,5.563,0,11.337,16.826,0,0,5.107,127.993,0,-0.83,8,124.12,93.103,5.309,1.961,0.869,50.392,10.069,0.478,10.069,0.336,0.37,0.336,-0.855,-0.478,1.446,31.278,128.152,1,2,0,0,0,0,1,1,2,1,3,0,1,0,0,0,42,5.107,0,0,0,0,5.969,0,4.795,11.337,0,0,11.446,5.38,5.563,1,9.901,17.306,0,0,0,0,0,22.39,0,0,0,0,0,11.337,11.076,0,0,10.358,16.826,0,0,0,37.3,0,1.387,0,0,0,0,0,0,0,22.78,0,0,0,0,1,0,0,0,1,1,1,0,0,0,0,0,0,0,0,0,0,0,0,0,0,0,0,0,0,0,0,0,0,0,0,0,0,0,0,0,0,0,0,0,0,0,0,0,0,0,0,0,0,0,0,0,0,0,0,0,0,0,0,0,0,0,0,0,0,0,0,0,0,0,0,0,0,0,0,0,0,0,1,0,0,1,0,0,0,0,1,0,0,1,0,0.45,0.05,0.9,0.05,1,0,0.95,0.05,0,0,1,0,1,0,0,0,22.64
OC(C1=CC=CC=C1)=O,2.981,203.416,6.69,4.742,4.742,4.305,2.588,2.588,1.671,1.671,1.021,1.021,0.581,0.581,5.969,4.795,0,0,5.563,0,0,30.332,0,0,5.107,122.037,0,-1.31,9,116.075,129.225,5.82,2.307,1.288,52.752,10.201,0.478,10.201,0.335,0.331,0.335,-0.879,-0.478,1.385,33.401,122.123,1,2,0,0,0,1,0,1,1,1,2,0,1,0,0,0,46,5.107,0,0,0,0,5.969,0,4.795,0,0,18.199,12.133,0,5.563,1,9.901,5.969,0,0,0,0,0,35.895,0,0,0,0,0,0,11.076,0,0,10.358,30.332,0,0,0,37.3,0,0,0,0,0,0,0,0,0,26.333,0,0,0,0,1,0,0,0,1,1,1,0,0,0,0,0,0,0,0,0,0,0,0,0,0,0,0,0,0,0,0,0,0,0,1,0,0,0,0,0,0,0,0,0,0,0,0,0,0,0,0,0,0,0,0,0,0,0,0,0,0,0,0,0,0,0,0,0,0,0,0,0,0,0,0,0,0,0,0,0,0,0,0,0,0,1,0,0,0,0,1,0,0,1,0,0.45,0.05,0.9,0.05,1,0,0.95,0.05,0,0,1,0,1,0,0,0,22.24
O=C(C(C=C1)=CC=C1C2=CC=C(N(C3=CC=C(OC)C=C3)C4=CC=C(OC)C=C4)C=C2)O,1.701,1135.121,22.501,17.857,17.857,15.584,10.109,10.109,7.161,7.161,5.252,5.252,3.518,3.518,5.969,4.795,0,5.563,0,39.688,0,26.352,72.796,17.033,14.58,425.163,0.074,-4.25,32,402.3,23407590.17,21,9.267,4.418,186.64,11.097,0.497,11.097,0.335,0.274,0.335,-0.929,-0.497,6.539,126.624,425.484,1,5,0,0,0,4,0,4,4,1,5,0,7,0,0,0,160,19.48,11.499,0,0,0,5.969,0,4.795,0,0,24.265,83.923,17.062,19.783,4,19.375,23.031,0,0,0,0,19.12,102.625,0,22.626,14.374,17.062,11.499,0,25.295,0,0,10.358,97.062,0,11.127,0,59,0,0,0,0,0,0,0,0,0,73,0,0,0,0,1,0,0,0,1,1,1,0,0,0,0,1,0,0,0,0,0,0,0,0,0,0,0,0,0,3,0,0,0,0,4,0,0,0,0,0,0,2,0,0,0,0,0,0,0,0,0,0,0,0,0,2,0,0,0,0,0,0,0,0,0,0,0,0,0,0,0,0,0,0,0,0,0,0,0,0,0,0,0,0,0,0,0,1,0,0,0,0,0,0.043,1,0.56,0.05,0.79,0.16,1,0,0.84,0.16,0,1,1,0,0,0,0,0,16.69
CC1=CC=CC(N(C2=CC=C(C3=CC=C(C(O)=O)C=C3)C=C2)C4=CC=C(C5=CC=C(N(C6=CC=C(C7=CC=C(C(O)=O)C=C7)C=C6)C8=CC=CC(C)=C8)C=C5)C=C4)=C1,1.07,2513.506,40.174,32.081,32.081,28.195,19.018,19.018,14.301,14.301,10.285,10.285,7.251,7.251,11.939,19.802,0,11.127,0,78.632,0,24.265,24.265,169.24,0,756.299,0.038,-7.7,58,716.582,1.46346066336e+13,37.235,16.184,7.989,337.722,11.353,0.478,11.353,0.335,0.266,0.335,-0.937,-0.478,13.64,235.509,756.902,2,6,0,0,0,8,0,8,4,2,6,0,11,0,0,0,282,20.013,0,0,0,0,11.939,0,9.589,0,0,97.062,155.417,34.124,11.127,8,19.802,46.063,0,0,0,13.847,9.8,216.378,0,33.381,9.8,34.124,0,0,22.152,0,13.847,31.843,194.124,0,33.381,0,81.08,0,0,0,0,0,0,0,0,0,128,0,0,0,0,2,0,0,0,2,2,2,0,0,0,0,2,0,0,0,0,0,0,0,0,0,0,0,0,0,6,2,0,0,0,8,0,0,0,0,0,0,0,0,0,0,0,0,0,0,0,0,0,0,0,0,0,0,0,0,0,0,0,0,0,0,0,0,0,0,0,0,0,0,0,0,0,0,0,0,0,0,0,0,0,0,0,0,0,0,1,0,0,0,0.076,1,0.52,0.05,0.79,0.16,1,0,0.84,0.16,0,1,1,0,0,0,0,0,19.52
O=C(C(C=C1)=CC=C1C(C=C2)=CC=C2N(C3=C(C=CC=C4)C4=CC=C3)C5=CC=C(C6=CC=C(N(C7=CC=C(C8=CC=C(C(O)=O)C=C8)C=C7)C9=CC=CC%10=C9C=CC=C%10)C=C6)C=C5)O,0.983,3054.316,43.572,34.545,34.545,31.373,21.018,21.018,15.62,15.62,11.781,11.781,8.483,8.483,11.939,19.802,0,11.127,0,89.05,0,24.265,24.265,191.791,0,828.299,0,-8.74,64,788.648,5.83725212951e+14,39.399,16.961,7.721,370.355,11.449,0.478,11.449,0.335,0.261,0.335,-0.941,-0.478,15.33,261.047,828.968,2,6,0,0,0,10,0,10,4,2,6,0,11,0,0,0,306,20.013,0,0,0,0,11.939,0,9.589,0,0,145.593,129.082,33.522,22.502,10,19.802,67.608,0,0,0,0,9.8,241.649,0,33.381,9.8,34.124,0,0,22.152,0,0,20.716,230.522,0,54.926,0,81.08,0,0,0,0,0,0,0,0,0,139.333,0,0,0,0,2,0,0,0,2,2,2,0,0,0,0,2,0,0,0,0,0,0,0,0,0,0,0,0,0,6,0,0,0,0,10,0,2,0,0,0,0,0,0,0,0,0,0,0,0,0,0,0,0,0,0,0,0,0,0,0,0,0,0,0,0,0,0,0,0,0,0,0,0,0,0,0,0,0,0,0,0,0,0,0,0,0,0,0,0,1,0,0,0,0.083,1,0.42,0.05,0.79,0.16,1,0,0.84,0.16,0,1,1,0,0,0,0,0,18.99
CC1=CC=CC(N(C2=CC=C(C3=CC=C(N(C4=CC=C(C5=CC=C(C6=CC=C(C7=CC=C(C(OC)=O)C=C7)S6)S5)C=C4)C8=CC=CC(C)=C8)C=C3)C=C2)C9=CC=C(C%10=CC=C(C%11=CC=C(C%12=CC=C(C(OC)=O)C=C%12)S%11)S%10)C=C9)=C1,0.758,3862.673,54.693,44.254,47.52,39.136,26.071,29.337,19.33,23.665,14.015,18.944,9.863,14.089,0,9.589,0,11.939,11.127,66.132,65.736,45.347,48.531,217.771,9.474,1112.281,0.057,-8.9,80,1061.048,2.48632766265e+18,51.835,22.824,10.946,481.88,11.963,0.465,11.963,0.337,0.332,0.337,-0.332,-0.465,20.731,337.521,1113.464,0,6,0,0,0,8,4,12,10,0,10,0,17,0,0,0,390,19.274,0,0,0,0,11.939,0,9.589,0,45.347,97.062,203.948,73.141,25.346,12,19.063,91.41,0,0,0,13.847,24.019,264.908,0,72.398,9.8,34.124,0,45.347,26.158,9.474,13.847,31.843,242.655,0,72.398,0,59.08,0,7.086,0,0,0,0,0,0,0,156.581,0,0,0,0,0,0,0,0,0,0,2,2,0,0,0,2,0,0,0,0,0,0,0,0,0,0,0,0,0,6,2,0,0,0,8,0,0,0,0,0,2,2,0,0,0,0,0,0,0,0,0,0,0,0,0,2,0,0,0,0,0,0,0,0,0,0,0,0,0,0,0,0,0,0,0,0,0,0,0,0,0,0,4,0,0,0,0,1,0,0,0,0,0,0.45,1,0.48,0,0,1,1,0,1,0,0,0,0,1,0,0,0,0,13.19
CC1=CC=CC(N(C2=CC=C(C3=CC=C(N(C4=CC=C(C5=C(CCCCCC)C=C(C6=C(CCCCCC)C=C(C7=CC=C(C(OC)=O)C=C7)S6)S5)C=C4)C8=CC=CC(C)=C8)C=C3)C=C2)C9=CC=C(C%10=C(CCCCCC)C=C(C%11=C(CCCCCC)C=C(C%12=CC=C(C(OC)=O)C=C%12)S%11)S%10)C=C9)=C1,0.82,4442.341,72.316,62.087,65.353,50.931,37.981,41.247,27.777,31.986,19.943,25.208,14.176,19.311,0,9.589,0,11.939,11.127,82.061,200.478,0,69.613,245.466,9.474,1448.657,0.298,-8.9,104,1349.312,2.45474804244e+28,74.805,36.689,18.412,634.639,12.381,0.465,12.381,0.337,0.314,0.337,-0.314,-0.465,29.222,448.905,1450.112,0,6,0,0,0,8,4,12,10,0,10,0,37,0,0,0,534,19.274,0,0,0,0,11.939,0,9.589,0,45.347,201.807,253.303,73.141,25.346,12,19.063,91.41,0,0,0,169.959,24.019,262.897,0,72.398,9.8,34.124,0,45.347,26.158,35.157,13.847,184.525,218.389,0,72.398,0,59.08,0,7.665,0,0,0,0,0,0,0,192.668,0,0,0,0,0,0,0,0,0,0,2,2,0,0,0,2,0,0,0,0,0,0,0,0,0,0,0,0,0,6,6,0,0,0,8,0,0,0,0,0,2,2,0,0,0,0,0,0,0,0,0,0,0,0,0,2,0,0,0,0,0,0,0,0,0,0,0,0,0,0,0,0,0,0,0,0,0,0,0,0,0,0,4,8,0,0,0,1,0,0,0,0,0,0.58,1,0.43,0,0,1,1,0,1,0,0,0,0,1,0,0,0,0,11.11
O=C(O)C1=CC=C(N(C2=CC=C(C3=C(OC)C=C(OC)C=C3)C=C2)C4=CC=C(C5=C(OC)C=C(OC)C=C5)C=C4)C=C1,1.542,1580.363,29.639,23.828,23.828,20.448,13.238,13.238,9.414,9.414,7.063,7.063,4.854,4.854,5.969,9.901,0,5.563,11.499,50.815,0,40.572,97.062,4.9,18.947,561.215,0.114,-5.43,42,530.386,3428588510,28.111,12.392,5.714,244.654,11.502,0.497,11.502,0.335,0.225,0.335,-0.969,-0.497,8.223,165.164,561.634,1,7,0,0,0,5,0,5,6,1,7,0,10,0,0,0,212,28.954,22.998,0,0,0,5.969,0,4.795,0,0,24.265,83.923,40.322,34.003,5,28.849,23.031,0,0,0,0,33.339,114.758,0,45.252,23.847,17.062,22.998,0,39.515,0,0,10.358,109.195,0,22.254,0,77.46,0,0,0,0,0,0,0,0,0,94.667,0,0,0,0,1,0,0,0,1,1,1,0,0,0,0,1,0,0,0,0,0,0,0,0,0,0,0,0,0,3,0,0,0,0,5,0,0,0,0,0,0,4,0,0,0,0,0,0,0,0,0,0,0,0,0,4,0,0,0,0,0,0,0,0,0,0,0,0,0,0,0,0,0,0,0,0,0,0,0,0,0,0,0,0,0,0,1,0,0,0,0,0,0,0.00056,1,0.47,0.05,0.79,0.16,1,0,0.84,0.16,0,1,1,0,0,0,0,0,19.8
O=C(O)C1=CC=C(N(C2=CC=C(C3=C(OC)C=C(OC)C=C3)C=C2)C4=CC=C(C5=C(OC)C=C(OC)C=C5)C=C4)C=C1,1.542,1580.363,29.639,23.828,23.828,20.448,13.238,13.238,9.414,9.414,7.063,7.063,4.854,4.854,5.969,9.901,0,5.563,11.499,50.815,0,40.572,97.062,4.9,18.947,561.215,0.114,-5.43,42,530.386,3428588510,28.111,12.392,5.714,244.654,11.502,0.497,11.502,0.335,0.225,0.335,-0.969,-0.497,8.223,165.164,561.634,1,7,0,0,0,5,0,5,6,1,7,0,10,0,0,0,212,28.954,22.998,0,0,0,5.969,0,4.795,0,0,24.265,83.923,40.322,34.003,5,28.849,23.031,0,0,0,0,33.339,114.758,0,45.252,23.847,17.062,22.998,0,39.515,0,0,10.358,109.195,0,22.254,0,77.46,0,0,0,0,0,0,0,0,0,94.667,0,0,0,0,1,0,0,0,1,1,1,0,0,0,0,1,0,0,0,0,0,0,0,0,0,0,0,0,0,3,0,0,0,0,5,0,0,0,0,0,0,4,0,0,0,0,0,0,0,0,0,0,0,0,0,4,0,0,0,0,0,0,0,0,0,0,0,0,0,0,0,0,0,0,0,0,0,0,0,0,0,0,0,0,0,0,0,0,1,0,0,0,0,0.00056,1,0.47,0.05,0.79,0.16,1,0,0.84,0.16,0,1,1,0,0,0,0,0,19.2
O=C(O)C1=CC=C(N(C2=CC=C(C3=C(OC)C=C(OC)C=C3)C=C2)C4=CC=C(C5=C(OC)C=C(OC)C=C5)C=C4)C=C1,1.542,1580.363,29.639,23.828,23.828,20.448,13.238,13.238,9.414,9.414,7.063,7.063,4.854,4.854,5.969,9.901,0,5.563,11.499,50.815,0,40.572,97.062,4.9,18.947,561.215,0.114,-5.43,42,530.386,3428588510,28.111,12.392,5.714,244.654,11.502,0.497,11.502,0.335,0.225,0.335,-0.969,-0.497,8.223,165.164,561.634,1,7,0,0,0,5,0,5,6,1,7,0,10,0,0,0,212,28.954,22.998,0,0,0,5.969,0,4.795,0,0,24.265,83.923,40.322,34.003,5,28.849,23.031,0,0,0,0,33.339,114.758,0,45.252,23.847,17.062,22.998,0,39.515,0,0,10.358,109.195,0,22.254,0,77.46,0,0,0,0,0,0,0,0,0,94.667,0,0,0,0,1,0,0,0,1,1,1,0,0,0,0,1,0,0,0,0,0,0,0,0,0,0,0,0,0,3,0,0,0,0,5,0,0,0,0,0,0,4,0,0,0,0,0,0,0,0,0,0,0,0,0,4,0,0,0,0,0,0,0,0,0,0,0,0,0,0,0,0,0,0,0,0,0,0,0,0,0,0,0,0,0,0,0,1,0,0,0,0,0,0.00056,1,0.47,0.05,0.79,0.16,1,0,0.84,0.16,0,1,1,0,0,0,0,0,19.3
O=C(O)C1=CC=C(N(C2=CC=C(C3=C(OC)C=CC(OC)=C3)C=C2)C4=CC=C(C5=C(OC)C=CC(OC)=C5)C=C4)C=C1,1.564,1580.363,29.639,23.828,23.828,20.448,13.238,13.238,9.414,9.414,7.059,7.059,4.86,4.86,5.969,9.901,0,5.563,0,62.314,0,52.705,84.929,4.9,18.947,561.215,0.114,-5.43,42,530.386,3436589803,28.111,12.392,5.714,244.654,11.511,0.497,11.511,0.335,0.222,0.335,-0.971,-0.497,8.223,165.164,561.634,1,7,0,0,0,5,0,5,6,1,7,0,10,0,0,0,212,28.954,22.998,0,0,0,5.969,0,4.795,0,0,24.265,96.056,28.189,34.003,5,28.849,23.031,0,0,0,0,33.339,114.758,0,45.252,23.847,17.062,22.998,0,39.515,0,0,10.358,109.195,0,22.254,0,77.46,0,0,0,0,0,0,0,0,0,94.667,0,0,0,0,1,0,0,0,1,1,1,0,0,0,0,1,0,0,0,0,0,0,0,0,0,0,0,0,0,3,0,0,0,0,5,0,0,0,0,0,0,4,0,0,0,0,0,0,0,0,0,0,0,0,0,4,0,0,0,0,0,0,0,0,0,0,0,0,0,0,0,0,0,0,0,0,0,0,0,0,0,0,0,0,0,0,1,0,0,0,0,0,0,0.00056,1,0.38,0.05,0.79,0.16,1,0,0.84,0.16,0,1,1,0,0,0,0,0,19.6
O=C(O)C1=CC=C(N(C2=CC=C(C3=C(OC)C=CC(OC)=C3)C=C2)C4=CC=C(C5=C(OC)C=CC(OC)=C5)C=C4)C=C1,1.564,1580.363,29.639,23.828,23.828,20.448,13.238,13.238,9.414,9.414,7.059,7.059,4.86,4.86,5.969,9.901,0,5.563,0,62.314,0,52.705,84.929,4.9,18.947,561.215,0.114,-5.43,42,530.386,3436589803,28.111,12.392,5.714,244.654,11.511,0.497,11.511,0.335,0.222,0.335,-0.971,-0.497,8.223,165.164,561.634,1,7,0,0,0,5,0,5,6,1,7,0,10,0,0,0,212,28.954,22.998,0,0,0,5.969,0,4.795,0,0,24.265,96.056,28.189,34.003,5,28.849,23.031,0,0,0,0,33.339,114.758,0,45.252,23.847,17.062,22.998,0,39.515,0,0,10.358,109.195,0,22.254,0,77.46,0,0,0,0,0,0,0,0,0,94.667,0,0,0,0,1,0,0,0,1,1,1,0,0,0,0,1,0,0,0,0,0,0,0,0,0,0,0,0,0,3,0,0,0,0,5,0,0,0,0,0,0,4,0,0,0,0,0,0,0,0,0,0,0,0,0,4,0,0,0,0,0,0,0,0,0,0,0,0,0,0,0,0,0,0,0,0,0,0,0,0,0,0,0,0,0,0,0,0,1,0,0,0,0,0.00056,1,0.38,0.05,0.79,0.16,1,0,0.84,0.16,0,1,1,0,0,0,0,0,19.5
O=C(O)C1=CC=C(N(C2=CC=C(C3=C(OC)C=CC(OC)=C3)C=C2)C4=CC=C(C5=C(OC)C=CC(OC)=C5)C=C4)C=C1,1.564,1580.363,29.639,23.828,23.828,20.448,13.238,13.238,9.414,9.414,7.059,7.059,4.86,4.86,5.969,9.901,0,5.563,0,62.314,0,52.705,84.929,4.9,18.947,561.215,0.114,-5.43,42,530.386,3436589803,28.111,12.392,5.714,244.654,11.511,0.497,11.511,0.335,0.222,0.335,-0.971,-0.497,8.223,165.164,561.634,1,7,0,0,0,5,0,5,6,1,7,0,10,0,0,0,212,28.954,22.998,0,0,0,5.969,0,4.795,0,0,24.265,96.056,28.189,34.003,5,28.849,23.031,0,0,0,0,33.339,114.758,0,45.252,23.847,17.062,22.998,0,39.515,0,0,10.358,109.195,0,22.254,0,77.46,0,0,0,0,0,0,0,0,0,94.667,0,0,0,0,1,0,0,0,1,1,1,0,0,0,0,1,0,0,0,0,0,0,0,0,0,0,0,0,0,3,0,0,0,0,5,0,0,0,0,0,0,4,0,0,0,0,0,0,0,0,0,0,0,0,0,4,0,0,0,0,0,0,0,0,0,0,0,0,0,0,0,0,0,0,0,0,0,0,0,0,0,0,0,0,0,0,0,1,0,0,0,0,0,0.00056,1,0.38,0.05,0.79,0.16,1,0,0.84,0.16,0,1,1,0,0,0,0,0,18.9
O=C(O)C1=CC=C(N(C2=CC=C(C3=CC=C(OC)C(OC)=C3)C=C2)C4=CC=C(C5=CC=C(OC)C(OC)=C5)C=C4)C=C1,1.519,1580.363,29.639,23.828,23.828,20.448,13.238,13.238,9.421,9.421,7.057,7.057,4.838,4.838,5.969,9.901,0,5.563,22.998,39.316,0,40.572,97.062,4.9,18.947,561.215,0.114,-5.43,42,530.386,3444057030,28.111,12.392,5.714,244.654,11.491,0.493,11.491,0.335,0.228,0.335,-0.966,-0.493,8.223,165.164,561.634,1,7,0,0,0,5,0,5,6,1,7,0,10,0,0,0,212,28.954,0,22.998,0,0,5.969,0,4.795,0,0,36.398,95.05,17.062,34.003,5,28.849,23.031,0,0,0,0,33.339,114.758,0,45.252,23.847,17.062,22.998,0,39.515,0,0,10.358,109.195,0,22.254,0,77.46,0,0,0,0,0,0,0,0,0,94.667,0,0,0,0,1,0,0,0,1,1,1,0,0,0,0,1,0,0,0,0,0,0,0,0,0,0,0,0,0,3,0,0,0,0,5,0,0,0,0,0,0,4,0,0,0,0,0,0,0,0,0,0,0,0,0,4,0,0,0,0,0,0,0,0,0,0,0,0,0,0,0,0,0,0,0,0,0,0,0,0,0,0,0,0,0,0,1,0,0,0,0,0,0,0.00056,1,0.28,0.05,0.79,0.16,1,0,0.84,0.16,0,1,1,0,0,0,0,0,19.7
O=C(O)C1=CC=C(N(C2=CC=C(C3=CC=C(OC)C(OC)=C3)C=C2)C4=CC=C(C5=CC=C(OC)C(OC)=C5)C=C4)C=C1,1.519,1580.363,29.639,23.828,23.828,20.448,13.238,13.238,9.421,9.421,7.057,7.057,4.838,4.838,5.969,9.901,0,5.563,22.998,39.316,0,40.572,97.062,4.9,18.947,561.215,0.114,-5.43,42,530.386,3444057030,28.111,12.392,5.714,244.654,11.491,0.493,11.491,0.335,0.228,0.335,-0.966,-0.493,8.223,165.164,561.634,1,7,0,0,0,5,0,5,6,1,7,0,10,0,0,0,212,28.954,0,22.998,0,0,5.969,0,4.795,0,0,36.398,95.05,17.062,34.003,5,28.849,23.031,0,0,0,0,33.339,114.758,0,45.252,23.847,17.062,22.998,0,39.515,0,0,10.358,109.195,0,22.254,0,77.46,0,0,0,0,0,0,0,0,0,94.667,0,0,0,0,1,0,0,0,1,1,1,0,0,0,0,1,0,0,0,0,0,0,0,0,0,0,0,0,0,3,0,0,0,0,5,0,0,0,0,0,0,4,0,0,0,0,0,0,0,0,0,0,0,0,0,4,0,0,0,0,0,0,0,0,0,0,0,0,0,0,0,0,0,0,0,0,0,0,0,0,0,0,0,0,0,0,0,0,1,0,0,0,0,0.00056,1,0.28,0.05,0.79,0.16,1,0,0.84,0.16,0,1,1,0,0,0,0,0,19.1
O=C(O)C1=CC=C(N(C2=CC=C(C3=CC=C(OC)C(OC)=C3)C=C2)C4=CC=C(C5=CC=C(OC)C(OC)=C5)C=C4)C=C1,1.519,1580.363,29.639,23.828,23.828,20.448,13.238,13.238,9.421,9.421,7.057,7.057,4.838,4.838,5.969,9.901,0,5.563,22.998,39.316,0,40.572,97.062,4.9,18.947,561.215,0.114,-5.43,42,530.386,3444057030,28.111,12.392,5.714,244.654,11.491,0.493,11.491,0.335,0.228,0.335,-0.966,-0.493,8.223,165.164,561.634,1,7,0,0,0,5,0,5,6,1,7,0,10,0,0,0,212,28.954,0,22.998,0,0,5.969,0,4.795,0,0,36.398,95.05,17.062,34.003,5,28.849,23.031,0,0,0,0,33.339,114.758,0,45.252,23.847,17.062,22.998,0,39.515,0,0,10.358,109.195,0,22.254,0,77.46,0,0,0,0,0,0,0,0,0,94.667,0,0,0,0,1,0,0,0,1,1,1,0,0,0,0,1,0,0,0,0,0,0,0,0,0,0,0,0,0,3,0,0,0,0,5,0,0,0,0,0,0,4,0,0,0,0,0,0,0,0,0,0,0,0,0,4,0,0,0,0,0,0,0,0,0,0,0,0,0,0,0,0,0,0,0,0,0,0,0,0,0,0,0,0,0,0,0,1,0,0,0,0,0,0.00056,1,0.28,0.05,0.79,0.16,1,0,0.84,0.16,0,1,1,0,0,0,0,0,19.1
COC(C=C1)=CC=C1N(C2=CC=C(OC)C=C2)C3=CC=C(C4=CC=C(/C=C(C(O)=O)\C#N)C5=NSN=C54)C=C3,1.546,1656.505,27.355,21.029,21.846,19.016,11.811,12.542,8.417,8.946,6.195,6.724,4.232,4.813,5.969,9.901,0,5.573,16.597,51.416,6.076,26.355,78.863,13.647,14.736,534.136,0.067,-5.2,39,512.421,1022621890,25.45,11.045,5.141,228.481,11.313,0.497,11.313,0.346,0.362,0.346,-1.285,-0.497,6.837,151.864,534.597,1,8,0,0,0,4,1,5,8,1,9,0,8,0,0,0,192,19.48,34.175,0,0,0,5.969,0,4.795,14.009,0,24.265,72.303,28.189,25.948,5,19.375,51.869,5.262,8.747,0,0,19.12,96.066,0,28.695,14.374,17.062,11.499,11.728,34.043,4.795,11.331,5.563,90.502,0,28.236,0,108.57,0,1.039,0,0,0,0,0,0,8.816,82.479,1,0,0,0,0,2,0,0,1,1,1,0,0,0,0,4,0,0,0,0,0,0,0,0,0,0,0,0,0,3,0,0,0,0,4,0,1,0,0,0,0,2,0,0,0,0,0,0,0,0,0,0,0,0,0,2,0,1,0,0,0,0,0,0,0,0,0,0,0,0,0,0,0,0,0,0,0,0,0,0,0,0,0,0,0,0,0,1,0,0,0,0,0,0.1,1,0.19,0,0.1615,0.893,1,0,0.9848,0,0.0333,1,0,0,0,0,0,0,21.81
COC(C=C1)=CC=C1N(C2=CC=C(OC)C=C2)C3=CC=C(C4=CC=C(C5=CC=C(C(O)=O)C=C5)C6=NSN=C64)C=C3,1.371,1767.897,28.346,22.314,23.131,20.05,12.832,13.562,9.283,9.811,6.956,7.484,4.825,5.398,5.969,9.901,0,5.563,0,73.577,0,38.485,60.664,37.912,9.474,559.157,0.061,-5.21,41,534.447,3798587315,26.035,11.112,5.082,240.741,11.267,0.497,11.267,0.335,0.247,0.335,-0.951,-0.497,8.211,163.033,559.647,1,7,0,0,0,5,1,6,7,1,8,0,8,0,0,0,202,19.48,22.532,0,0,0,5.969,0,4.795,8.747,0,36.398,83.923,28.189,31.511,6,19.375,45.793,0,8.747,0,0,19.12,114.758,0,33.753,14.374,17.062,11.499,11.728,34.043,0,0,10.358,109.195,0,33.287,0,84.78,0,1.164,0,0,0,0,0,0,9.192,81.143,0,0,0,0,1,2,0,0,1,1,1,0,0,0,0,3,0,0,0,0,0,0,0,0,0,0,0,0,0,3,0,0,0,0,5,0,1,0,0,0,0,2,0,0,0,0,0,0,0,0,0,0,0,0,0,2,0,0,0,0,0,0,0,0,0,0,0,0,0,0,0,0,0,0,0,0,0,0,0,0,0,0,0,0,0,0,0,1,0,0,0,0,0,0.1,1,0.29,0,0.1615,0.893,1,0,0.9848,0,0.0333,1,0,0,0,0,0,0,20.58
COC(C=C1)=CC=C1N(C2=CC=C(OC)C=C2)C3=CC=C(C4=CC=C(/C=C(C(N5CC(O)=O)=O)\SC5=S)C6=NSN=C64)C=C3,1.336,1858.303,30.794,23.461,25.911,21.355,13.271,15.226,9.604,11.808,6.998,8.904,4.848,6.675,18.421,9.589,0,4.321,21.502,68.078,0,20.296,72.796,25.78,26.798,640.091,0.094,-4.78,44,616.576,12719520528,29.299,12.447,5.741,266.216,12.811,0.497,12.811,0.323,0.214,0.323,-1.125,-0.497,7.131,178.153,640.768,1,9,0,1,1,4,1,5,10,1,12,0,9,0,1,1,220,19.48,33.398,0,0,5.907,5.969,14.489,0,8.747,0,48.245,72.303,28.189,30.853,6,24.169,86.077,0,13.647,0,0,25.664,95.398,0,22.626,14.374,17.062,11.499,35.708,55.715,9.589,0,5.563,89.834,0,28.236,0,105.09,0,7.396,0,0,0,0,0,0,9.287,86.483,1,0,0,0,0,2,0,0,1,1,2,1,1,0,0,4,0,0,0,0,0,0,0,0,0,0,0,1,0,3,0,0,0,0,4,0,1,0,0,0,0,2,0,0,0,0,0,0,0,0,0,0,0,0,0,2,0,0,0,0,0,0,0,0,0,0,0,0,0,0,0,0,0,0,0,1,0,0,0,0,0,0,0,0,0,0,0,1,0,0,0,0,0,0.1,1,0.24,0,0.1615,0.893,1,0,0.9848,0,0.0333,1,0,0,0,0,0,0,19.65
OC(COC(C=C1)=CC=C1N(C2=CC=C(OC)C=C2)C3=CC4=C(C5=CC=C(N(C6=CC=C(OC)C=C6)C7=CC=C(OC)C=C7)C=C5C4(C8=CC(N(C9=CC=C(OC)C=C9)C%10=CC=C(OC)C=C%10)=CC=C8%11)C%12=C%11C=CC(N(C%13=CC=C(OC)C=C%13)C%14=CC=C(OC)C=C%14)=C%12)C=C3)=O,1.089,4332.029,66.029,54.021,54.021,47.029,31.267,31.267,23.074,23.074,18.013,18.013,13.481,13.481,17.991,9.901,0,0,11.499,147.253,0,61.901,109.195,165.192,37.895,1268.494,0.11,-12.29,96,1200.92,5.72807360057e+27,61.228,26.009,11.127,557.601,11.705,0.497,11.705,0.341,0.427,0.341,-1.073,-0.497,19.433,380.467,1269.464,1,14,2,0,2,12,0,12,13,1,14,0,22,0,0,0,476,62.601,45.996,6.607,0,0,5.969,0,4.795,0,0,24.265,287.162,68.249,55.184,14,47.796,74.218,0,0,0,5.415,75.975,289.174,0,68.25,57.495,68.249,45.996,0,67.451,10.21,0,22.254,266.92,0,22.254,0,124.1,0,0,0,0,0,0,0,0,0,202.083,1,0,0,0,0,0,0,0,1,1,1,0,0,0,0,4,0,0,0,0,0,0,0,0,0,0,0,0,0,12,0,0,0,0,12,0,10,0,0,0,0,8,0,0,0,0,0,0,0,0,0,0,0,0,0,7,0,0,0,0,0,0,0,0,0,0,0,0,0,0,0,0,0,0,0,0,0,0,0,0,0,0,0,0,0,0,0,1,0,0,0,0,0,0.13,1,0.61,0.05,0.85,0.15,1,0,0.85,0.15,0,1,1,0,0,0,0,0,18.15
OC(COC(C=C1)=CC=C1N(C2=CC=C(OC)C=C2)C3=CC4=C(C5=CC=C(N(C6=CC=C(OC)C=C6)C7=CC=C(OC)C=C7)C=C5C4(C8=CC(N(C9=CC=C(OC)C=C9)C%10=CC=C(OC)C=C%10)=CC=C8%11)C%12=C%11C=CC(N(C%13=CC=C(OC)C=C%13)C%14=CC=C(OC)C=C%14)=C%12)C=C3)=O,1.089,4332.029,66.029,54.021,54.021,47.029,31.267,31.267,23.074,23.074,18.013,18.013,13.481,13.481,17.991,9.901,0,0,11.499,147.253,0,61.901,109.195,165.192,37.895,1268.494,0.11,-12.29,96,1200.92,5.72807360057e+27,61.228,26.009,11.127,557.601,11.705,0.497,11.705,0.341,0.427,0.341,-1.073,-0.497,19.433,380.467,1269.464,1,14,2,0,2,12,0,12,13,1,14,0,22,0,0,0,476,62.601,45.996,6.607,0,0,5.969,0,4.795,0,0,24.265,287.162,68.249,55.184,14,47.796,74.218,0,0,0,5.415,75.975,289.174,0,68.25,57.495,68.249,45.996,0,67.451,10.21,0,22.254,266.92,0,22.254,0,124.1,0,0,0,0,0,0,0,0,0,202.083,1,0,0,0,0,0,0,0,1,1,1,0,0,0,0,4,0,0,0,0,0,0,0,0,0,0,0,0,0,12,0,0,0,0,12,0,10,0,0,0,0,8,0,0,0,0,0,0,0,0,0,0,0,0,0,7,0,0,0,0,0,0,0,0,0,0,0,0,0,0,0,0,0,0,0,0,0,0,0,0,0,0,0,0,0,0,0,1,0,0,0,0,0,1.3,0,0.61,0.05,0.85,0.15,1,0,0.85,0.15,0,1,1,0,0,0,0,0,17.77
COC1=CC=C(N(C2=CC=C(C3=CC=C(N4CCCCCC)C(SC5=C4C=CC(C6=CC=C(N(C7=CC=C(OC)C=C7)C8=CC=C(OC)C=C8)C=C6)=C5)=C3)C=C2)C9=CC=C(OC)C=C9)C=C1,1.013,2562.82,45.409,38.239,39.055,32.457,22.574,23.391,16.236,17.32,12.197,13.29,8.608,9.782,0,0,0,0,0,70.088,62.682,28.439,60.293,155.084,18.947,889.391,0.172,-7.29,66,834.722,1.19830950075e+15,43.937,20.261,9.417,393.331,5.476,0.497,5.476,0.119,0.82,0.119,0.82,-0.497,16.178,274.601,890.162,0,7,0,1,1,8,0,8,8,0,8,0,17,0,0,0,332,33.647,22.998,0,0,0,0,0,0,0,0,74.346,174.267,50.46,39.814,9,18.947,57.261,0,0,0,42.398,49.684,181.991,0,45.252,33.647,45.499,22.998,11.762,34.984,0,0,32.607,191.782,0,22.254,0,46.64,0,1.866,0,0,0,0,0,0,0,127.468,0,0,0,0,0,0,0,0,0,0,0,0,0,0,0,3,0,0,0,0,0,0,0,0,0,0,0,0,0,8,0,0,0,0,8,0,2,0,0,0,0,4,0,0,0,0,0,0,0,0,0,0,0,0,0,4,0,0,0,0,0,0,0,0,0,0,0,0,0,0,0,0,0,0,0,0,0,0,0,0,0,0,0,2,0,0,0,0,0.5,0.5,0,0,0,0.45,1,0.26,0.05,0.83,0.12,1,0,0.85,0.15,0,1,1,0,0,0,0,0,11.97
COC1=CC=C(N(C2=CC=C(C3=CC=C(N4CCCCCCS(=O)(O)=O)C(SC5=C4C=CC(C6=CC=C(N(C7=CC=C(OC)C=C7)C8=CC=C(OC)C=C8)C=C6)=C5)=C3)C=C2)C9=CC=C(OC)C=C9)C=C1,1.013,2845.634,48.616,39.618,41.251,34.104,23.172,25.597,16.876,19.531,12.495,14.394,8.819,10.563,10.118,12.971,0,5.753,12.842,119.928,0,40.201,48.531,148.16,18.947,969.348,0.172,-7.38,70,914.786,5.56081155869e+15,47.676,21.503,10.897,414.96,11.379,0.497,11.379,0.264,0.214,0.264,-3.975,-0.497,15.045,285.343,970.226,1,10,0,1,1,8,0,8,10,1,12,0,19,0,0,0,356,33.647,22.998,0,0,10.118,0,4.553,0,8.418,0,61.002,180.688,50.46,45.567,9,31.918,67.379,0,0,0,35.474,55.437,181.991,0,45.252,33.647,45.499,22.998,11.762,53.707,10.118,0,25.683,191.782,0,22.254,0,101.01,0,-2.198,0,0,0,0,0,0,32.036,119.912,0,0,0,0,0,0,0,0,0,0,0,0,0,0,0,3,0,0,0,0,0,0,0,0,0,0,0,0,0,8,0,0,0,0,8,0,2,0,0,0,0,4,0,0,0,0,0,0,0,0,0,0,0,0,0,4,0,0,0,0,0,0,0,0,0,0,0,0,0,0,0,0,0,0,0,0,0,0,0,0,0,0,0,3,0,0,0,0,0.5,0.5,0,0,0,0.49,1,0.22,0.05,0.83,0.12,1,0,0.85,0.15,0,1,1,0,0,0,0,0,16.16
COC(C=C1)=CC=C1N(C2=CC=C(C=C2)OC)C(C=C3)=CC=C3C(C=C4SC5=C6C=CC(C7=CC=C(C=C7)N(C8=CC=C(C=C8)OC)C9=CC=C(C=C9)OC)=C5)=CC=C4N6CCCCCCC(O)=O,1.012,2694.017,47.693,39.301,40.118,33.813,23.148,23.965,16.733,17.817,12.484,13.577,8.811,9.986,5.969,9.901,0,6.421,6.421,105.183,21.166,28.439,60.293,148.16,18.947,933.381,0.169,-7.82,69,878.731,4.35922524964e+15,46.297,21.427,10.516,408.652,11.192,0.497,11.192,0.303,0.21,0.303,-0.736,-0.497,15.632,281.18,934.171,1,9,0,1,1,8,0,8,9,1,10,0,19,0,0,0,348,38.754,22.998,0,0,0,5.969,4.795,0,0,0,61.002,180.688,56.881,39.814,9,28.849,63.23,0,0,0,41.895,49.684,181.991,0,45.252,33.647,45.499,22.998,11.762,46.06,4.795,0,32.104,191.782,0,22.254,0,83.94,0,1.807,0,0,0,0,0,0,0,141.693,1,0,0,0,0,0,0,0,1,1,1,0,0,0,0,3,0,0,0,0,0,0,0,0,0,0,0,0,0,8,0,0,0,0,8,0,2,0,0,0,0,4,0,0,0,0,0,0,0,0,0,0,0,0,0,4,0,0,0,0,0,0,0,0,0,0,0,0,0,0,0,0,0,0,0,0,0,0,0,0,0,0,0,3,0,0,0,0,0.5,0.5,0,0,0,0.47,1,0.2,0.05,0.83,0.12,1,0,0.85,0.15,0,1,1,0,0,0,0,0,18.87
COC1=CC=C(N(C2=CC=C(C3=CC=C(N4CCCCCCP(O)(O)=O)C(SC5=C4C=CC(C6=CC=C(N(C7=CC=C(OC)C=C7)C8=CC=C(OC)C=C8)C=C6)=C5)=C3)C=C2)C9=CC=C(OC)C=C9)C=C1,1.012,2769.894,48.616,39.696,41.407,34.104,23.266,25.88,16.978,19.838,12.542,14.535,8.853,10.663,7.596,14.352,0,6.162,6.421,126.349,0,40.201,48.531,148.16,18.947,969.358,0.172,-7.14,70,913.693,5.56081155869e+15,47.906,21.656,10.991,414.383,11.518,0.497,11.518,0.325,0.075,0.325,-4.008,-0.497,15.335,285.838,970.141,2,10,0,1,1,8,0,8,9,2,12,0,19,0,0,0,356,43.434,22.998,0,0,0,7.596,4.565,0,0,0,61.002,180.688,56.622,39.814,9,33.299,64.857,0,0,0,35.474,55.846,181.991,0,45.252,33.647,45.499,22.998,19.358,50.933,4.565,0,25.683,191.782,0,22.254,0,104.17,0,1.785,0,0,0,0,0,0,11.518,135.336,0,0,0,0,0,0,0,0,0,0,0,0,0,0,0,3,0,0,0,0,0,0,0,0,0,0,0,0,0,8,0,0,0,0,8,0,2,0,0,0,0,4,0,0,0,0,0,0,0,0,0,0,0,0,0,4,0,0,0,0,0,0,0,0,0,0,0,0,0,0,0,0,0,0,0,0,0,0,0,0,0,0,0,3,0,0,0,0,0.5,0.5,0,0,0,0.49,1,0.2,0.05,0.83,0.12,1,0,0.85,0.15,0,1,1,0,0,0,0,0,21.43
O=P(O)(O)CCN1C2=CC=C(Br)C=C2SC3=C1C=CC(Br)=C3,2.054,729.178,15.905,11.24,16.123,10.332,6.425,10.625,4.866,9.558,3.26,6.123,2.305,4.965,7.596,14.352,0,12.707,0,30.111,0,11.762,41.298,31.86,0,462.864,0.143,-0.3,22,453.007,78996.387,16.554,6.303,3.607,148.882,11.254,0.339,11.254,0.327,0.178,0.327,-4.042,-0.339,4.992,96.324,465.103,2,4,0,1,1,2,0,2,3,2,8,0,3,0,0,0,116,14.687,0,0,0,0,7.596,4.565,0,0,0,43.622,36.398,25.281,17.537,3,14.352,62.592,0,0,0,9.791,17.607,45.344,0,0,4.9,11.375,0,51.218,22.493,4.565,0,0,55.135,0,0,0,60.77,0,1.652,0,0,0,0,0,0,13.211,32.336,0,0,0,0,0,0,0,0,0,0,0,0,0,0,0,1,0,0,0,0,0,0,0,0,0,0,0,0,0,2,0,0,0,0,2,0,2,0,0,0,0,0,0,0,2,0,0,0,0,0,0,0,0,0,0,0,0,0,0,0,0,0,0,0,0,0,0,0,0,0,0,0,0,0,0,0,0,0,0,0,0,0,0,0,0,0,1,0,0,0,0,0,0,0.47,0,0.21,0.05,0.874,0.076,1,0,0.92,0.08,0,1,1,0,0,0,0,0,22.44
OP(CCN1C2=C(C=C(OC)C=C2)C3=C1C=CC(OC)=C3)(O)=O,2.249,850.361,16.613,12.892,13.786,10.925,7.113,8.911,5.306,7.083,3.894,4.677,2.787,3.248,7.596,14.352,0,12.707,0,33.305,0,14.22,40.965,0,9.474,335.092,0.25,-2.01,23,317.152,176683.263,15.869,5.888,3.059,132.952,11.241,0.497,11.241,0.327,0.204,0.327,-4.064,-0.497,2.989,89.459,335.296,2,6,0,0,0,2,1,3,4,2,7,0,5,0,0,0,122,23.828,11.499,0,0,0,7.596,4.565,0,0,0,0,36.398,28.351,20.382,3,23.826,29.402,0,4.567,0,6.545,20.382,36.398,0,11.499,9.474,0,11.499,7.596,34.735,11.11,0,0,36.398,0,21.806,0,80.92,0,0,0,0,0,0,0,0,13.16,44.646,0,0,0,0,0,1,0,0,0,0,0,0,0,0,0,1,0,0,0,0,0,0,0,0,0,0,0,0,0,0,1,0,0,0,2,0,3,0,0,0,0,2,0,0,0,0,0,0,0,0,0,0,0,0,0,2,0,0,0,0,0,0,0,0,0,0,0,0,0,0,0,0,0,0,0,0,0,0,0,0,0,0,0,0,0,0,1,0,0,0,0,0,0,0.33,0,0.34,0.05,0.874,0.076,1,0,0.92,0.08,0,1,1,0,0,0,0,0,21.16
O=P(O)(CCN1C2=CC=C(C=C2OC3=C1C=CC(Br)=C3)Br)O,2.054,725.933,15.905,11.24,15.306,10.332,6.425,9.808,4.866,8.474,3.26,5.029,2.305,3.446,7.596,14.352,0,12.707,11.499,20.32,0,0,41.298,31.86,4.737,446.887,0.143,-0.85,22,436.939,78996.387,16.024,5.981,3.388,143.872,11.228,0.453,11.228,0.327,0.205,0.327,-4.076,-0.453,4.633,92.275,449.035,2,5,0,1,1,2,0,2,3,2,8,0,3,0,0,0,116,19.424,0,11.499,0,0,7.596,4.565,0,0,0,31.86,36.398,15.49,17.537,3,19.089,50.83,0,0,0,0,17.607,45.344,0,11.499,9.637,11.375,11.499,39.456,22.493,4.565,0,0,45.344,0,0,0,70,0,0,0,0,0,0,0,0,12.977,36.022,0,0,0,0,0,0,0,0,0,0,0,0,0,0,0,1,0,0,0,0,0,0,0,0,0,0,0,0,0,2,0,0,0,0,2,0,2,0,0,0,0,1,0,0,2,0,0,0,0,0,0,0,0,0,0,0,0,0,0,0,0,0,0,0,0,0,0,0,0,0,0,0,0,0,0,0,0,0,0,0,0,0,0,0,0,0,1,0,0,0,0,0,0,0.45,0,0.31,0.05,0.874,0.076,1,0,0.92,0.08,0,1,1,0,0,0,0,0,21.02
O=P(O)(O)CCN1C2=CC=C(Br)C=C2SC3=C1C=CC(Br)=C3,2.054,729.178,15.905,11.24,16.123,10.332,6.425,10.625,4.866,9.558,3.26,6.123,2.305,4.965,7.596,14.352,0,12.707,0,30.111,0,11.762,41.298,31.86,0,462.864,0.143,-0.3,22,453.007,78996.387,16.554,6.303,3.607,148.882,11.254,0.339,11.254,0.327,0.178,0.327,-4.042,-0.339,4.992,96.324,465.103,2,4,0,1,1,2,0,2,3,2,8,0,3,0,0,0,116,14.687,0,0,0,0,7.596,4.565,0,0,0,43.622,36.398,25.281,17.537,3,14.352,62.592,0,0,0,9.791,17.607,45.344,0,0,4.9,11.375,0,51.218,22.493,4.565,0,0,55.135,0,0,0,60.77,0,1.652,0,0,0,0,0,0,13.211,32.336,0,0,0,0,0,0,0,0,0,0,0,0,0,0,0,1,0,0,0,0,0,0,0,0,0,0,0,0,0,2,0,0,0,0,2,0,2,0,0,0,0,0,0,0,2,0,0,0,0,0,0,0,0,0,0,0,0,0,0,0,0,0,0,0,0,0,0,0,0,0,0,0,0,0,0,0,0,0,0,0,0,0,0,0,0,0,1,0,0,0,0,0,0,0.47,0,0.38,0.05,0.874,0.076,1,0,0.92,0.08,0,1,1,0,0,0,0,0,21.63
BrC1=CC=C2N(C3=C(SC2=C1)C=C(Br)C=C3)CCCCP(O)(O)=O,1.858,760.405,17.32,12.654,17.537,11.332,7.425,11.625,5.573,10.265,3.726,6.705,2.662,5.497,7.596,4.565,0,6.162,6.421,33.286,9.791,11.762,12.133,61.025,9.787,490.896,0.25,-0.3,24,477.029,211986.975,18.49,7.521,4.452,161.612,11.021,0.34,11.021,0.325,0.06,0.325,-3.916,-0.34,5.772,105.558,493.157,2,4,0,1,1,2,0,2,3,2,8,0,5,0,0,0,128,14.687,0,0,0,0,7.596,4.565,0,0,0,43.622,49.24,31.443,11.375,3,14.352,62.592,0,0,0,22.633,17.607,45.344,0,0,4.9,11.375,0,51.218,22.493,4.565,0,12.842,55.135,0,0,0,60.77,0,1.732,0,0,0,0,0,0,13.093,35.269,0,0,0,0,0,0,0,0,0,0,0,0,0,0,0,1,0,0,0,0,0,0,0,0,0,0,0,0,0,2,0,0,0,0,2,0,2,0,0,0,0,0,0,0,2,0,0,0,0,0,0,0,0,0,0,0,0,0,0,0,0,0,0,0,0,0,0,0,0,0,0,0,0,0,0,0,0,0,0,0,0,0,0,1,0,0,0,0,0,1,0,0,0,1,0,0.18,0.05,0.8075,0.1425,1,0,0.85,0.15,0,0,1,0,0,1,0,0,22.06
BrC1=CC=C(N(CCCCP(O)(O)=O)C(C=CC(Br)=C2)=C2O3)C3=C1,1.858,757.16,17.32,12.654,16.72,11.332,7.425,10.808,5.573,9.181,3.726,5.612,2.662,3.978,7.596,4.565,0,6.162,19.386,31.819,0,0,36.398,36.76,14.524,474.918,0.25,-0.85,24,460.961,211986.975,17.957,7.179,4.213,156.602,11.005,0.453,11.005,0.325,0.086,0.325,-3.936,-0.453,5.413,101.509,477.089,2,5,0,1,1,2,0,2,3,2,8,0,5,0,0,0,128,19.424,0,11.499,0,0,7.596,4.565,0,0,0,31.86,49.24,21.652,11.375,3,19.089,50.83,0,0,0,12.842,17.607,45.344,0,11.499,9.637,11.375,11.499,39.456,22.493,4.565,0,12.842,45.344,0,0,0,70,0,0,0,0,0,0,0,0,12.868,39.026,0,0,0,0,0,0,0,0,0,0,0,0,0,0,0,1,0,0,0,0,0,0,0,0,0,0,0,0,0,2,0,0,0,0,2,0,2,0,0,0,0,1,0,0,2,0,0,0,0,0,0,0,0,0,0,0,0,0,0,0,0,0,0,0,0,0,0,0,0,0,0,0,0,0,0,0,0,0,0,0,0,0,0,1,0,0,0,0,0,1,0,0,0,1,0,0.31,0.05,0.8075,0.1425,1,0,0.85,0.15,0,0,1,0,0,1,0,0,22.93
OP(CCCCN1C2=C(C(C=CC=C3)=C3C=C2)C4=C1C=CC=C4)(O)=O,1.823,1109.991,17.441,13.799,14.693,12.045,8.478,10.275,6.445,8.222,4.743,5.642,3.647,4.282,7.596,4.565,0,6.162,6.421,12.966,32.578,0,6.066,59.164,9.787,353.118,0.2,-2.13,25,333.198,712190.868,16.344,6.305,3.089,145.407,11.051,0.34,11.051,0.325,0.049,0.325,-3.91,-0.34,4.906,103.095,353.358,2,4,0,0,0,3,1,4,2,2,5,0,5,0,0,0,128,14.354,0,0,0,0,7.596,4.565,0,0,0,48.531,35.747,34.513,0,4,14.352,40.174,0,4.567,0,19.386,6.162,60.664,0,0,0,0,0,7.596,20.516,11.11,0,12.842,60.664,0,32.578,0,62.46,0,0,0,0,0,0,0,0,13.326,44.48,0,0,0,0,0,1,0,0,0,0,0,0,0,0,0,1,0,0,0,0,0,0,0,0,0,0,0,0,0,0,1,0,0,0,3,0,5,0,0,0,0,0,0,0,0,0,0,0,0,0,0,0,0,0,0,0,0,0,0,0,0,0,0,0,1,0,0,0,0,0,0,0,0,0,0,0,0,0,0,0,0,0,0,1,0,0,0,0,1,0,0,0,0,0.35,1,0.41,0.05,0.8,0.15,1,0,1,0,0,1,1,0,0,0,0,0,19.2
OP(CCCCN1C2=C(C(C=CC=C3)=C3C=C2)C4=C1C=CC5=C4C=CC=C5)(O)=O,1.765,1320.935,20.01,15.954,16.848,14.028,9.888,11.686,7.609,9.385,5.727,6.626,4.454,5.089,7.596,4.565,0,6.162,6.421,12.966,43.351,0,0,77.364,9.787,403.134,0.167,-2.65,29,381.242,6474838.427,18.383,6.996,3.236,168.088,11.198,0.34,11.198,0.325,0.06,0.325,-3.943,-0.34,6.059,120.601,403.418,2,4,0,0,0,4,1,5,2,2,5,0,5,0,0,0,146,14.354,0,0,0,0,7.596,4.565,0,0,0,60.664,46.519,34.513,0,5,14.352,50.947,0,4.567,0,19.386,6.162,72.796,0,0,0,0,0,7.596,20.516,11.11,0,12.842,72.796,0,43.351,0,62.46,0,0,0,0,0,0,0,0,13.507,51.632,0,0,0,0,0,1,0,0,0,0,0,0,0,0,0,1,0,0,0,0,0,0,0,0,0,0,0,0,0,0,1,0,0,0,4,0,7,0,0,0,0,0,0,0,0,0,0,0,0,0,0,0,0,0,0,0,0,0,0,0,0,0,0,0,0,0,0,0,0,0,0,0,0,0,0,0,0,0,0,0,0,0,0,1,0,0,0,0,1,0,0,0,0,0.4,1,0.55,0.05,0.8,0.15,1,0,1,0,0,1,1,0,0,0,0,0,24.1
OP(CCCCN1C2=C(C=CC=C2)C3=C1C=CC=C3)(O)=O,1.91,765.366,14.872,11.644,12.539,10.061,7.067,8.865,5.281,7.058,3.761,4.66,2.832,3.467,7.596,4.565,0,6.162,6.421,12.966,21.806,0,24.265,28.833,9.787,303.102,0.25,-1.61,21,285.154,77711.663,14.332,5.644,3.028,122.725,10.905,0.34,10.905,0.325,0.038,0.325,-3.878,-0.34,3.752,85.589,303.298,2,4,0,0,0,2,1,3,2,2,5,0,5,0,0,0,110,14.354,0,0,0,0,7.596,4.565,0,0,0,36.398,24.974,34.513,0,3,14.352,29.402,0,4.567,0,19.386,6.162,48.531,0,0,0,0,0,7.596,20.516,11.11,0,12.842,48.531,0,21.806,0,62.46,0,0,0,0,0,0,0,0,13.145,37.327,0,0,0,0,0,1,0,0,0,0,0,0,0,0,0,1,0,0,0,0,0,0,0,0,0,0,0,0,0,0,1,0,0,0,2,0,3,0,0,0,0,0,0,0,0,0,0,0,0,0,0,0,0,0,0,0,0,0,0,0,0,0,0,0,2,0,0,0,0,0,0,0,0,0,0,0,0,0,0,0,0,0,0,1,0,0,0,0,1,0,0,0,0,0.3,1,0.29,0.05,0.8,0.15,1,0,1,0,0,1,1,0,0,0,0,0,14.5
OB(C1=CC=C(C=C1)N(C2=CC=C(C=C2)C)C3=CC=C(C=C3)C)O,2.069,751.052,17.104,13.847,13.847,11.542,7.94,7.94,5.972,5.972,4.034,4.034,2.63,2.63,7.118,10.048,0,0,5.463,17.062,11.127,12.133,12.133,67.278,0,317.159,0.1,-2.555,24,297.037,313096.055,16.308,6.911,3.505,142.516,9.29,0.488,9.29,0.488,0.478,0.423,-1.453,-0.423,3.453,100.425,317.197,2,3,0,0,0,3,0,3,3,2,4,0,4,0,0,0,120,14.948,0,0,0,0,7.118,0,0,0,0,47.525,55.708,17.062,0,3,10.048,29.643,0,0,0,13.847,4.9,83.923,0,0,10.363,17.062,0,0,17.166,0,13.847,11.127,72.796,0,0,0,43.7,0,0,0,0,0,0,0,0,0,53.333,0,0,0,0,0,0,0,0,0,0,0,0,0,0,0,1,0,0,0,0,0,0,0,0,0,0,0,0,0,3,2,0,0,0,3,0,0,0,0,0,0,0,0,0,0,0,0,0,0,0,0,0,0,0,0,0,0,0,0,0,0,0,0,0,0,0,0,0,0,0,0,0,0,0,0,0,0,0,0,0,0,0,0,0,0,0,0,0,0,0,1,0,0,2.5,0,0.12,0.05,0.9025,0.0475,1,0,0.95,0.05,0,1,1,0,1,0,0,0,22.62
OB(C1=CC=C(C=C1)N(C2=CC=C(C=C2)C)C3=CC=C(C=C3)C)O,2.069,751.052,17.104,13.847,13.847,11.542,7.94,7.94,5.972,5.972,4.034,4.034,2.63,2.63,7.118,10.048,0,0,5.463,17.062,11.127,12.133,12.133,67.278,0,317.159,0.1,-2.555,24,297.037,313096.055,16.308,6.911,3.505,142.516,9.29,0.488,9.29,0.488,0.478,0.423,-1.453,-0.423,3.453,100.425,317.197,2,3,0,0,0,3,0,3,3,2,4,0,4,0,0,0,120,14.948,0,0,0,0,7.118,0,0,0,0,47.525,55.708,17.062,0,3,10.048,29.643,0,0,0,13.847,4.9,83.923,0,0,10.363,17.062,0,0,17.166,0,13.847,11.127,72.796,0,0,0,43.7,0,0,0,0,0,0,0,0,0,53.333,0,0,0,0,0,0,0,0,0,0,0,0,0,0,0,1,0,0,0,0,0,0,0,0,0,0,0,0,0,3,2,0,0,0,3,0,0,0,0,0,0,0,0,0,0,0,0,0,0,0,0,0,0,0,0,0,0,0,0,0,0,0,0,0,0,0,0,0,0,0,0,0,0,0,0,0,0,0,0,0,0,0,0,0,0,0,0,0,0,0,1,0,0,2.5,0,0.25,0.2,0.8,0,1,0,1,0,0,1,1,0,1,0,0,0,21.04
OB(C1=CC=C(C=C1)N(C2=CC=C(C=C2)C)C3=CC=C(C=C3)C)O,2.069,751.052,17.104,13.847,13.847,11.542,7.94,7.94,5.972,5.972,4.034,4.034,2.63,2.63,7.118,10.048,0,0,5.463,17.062,11.127,12.133,12.133,67.278,0,317.159,0.1,-2.555,24,297.037,313096.055,16.308,6.911,3.505,142.516,9.29,0.488,9.29,0.488,0.478,0.423,-1.453,-0.423,3.453,100.425,317.197,2,3,0,0,0,3,0,3,3,2,4,0,4,0,0,0,120,14.948,0,0,0,0,7.118,0,0,0,0,47.525,55.708,17.062,0,3,10.048,29.643,0,0,0,13.847,4.9,83.923,0,0,10.363,17.062,0,0,17.166,0,13.847,11.127,72.796,0,0,0,43.7,0,0,0,0,0,0,0,0,0,53.333,0,0,0,0,0,0,0,0,0,0,0,0,0,0,0,1,0,0,0,0,0,0,0,0,0,0,0,0,0,3,2,0,0,0,3,0,0,0,0,0,0,0,0,0,0,0,0,0,0,0,0,0,0,0,0,0,0,0,0,0,0,0,0,0,0,0,0,0,0,0,0,0,0,0,0,0,0,0,0,0,0,0,0,0,0,0,0,0,0,0,1,0,0,2.5,0,0.17,0.05,0.7315,0.0345,1,0,0.77,0.23,0,1,1,0,1,0,0,0,19.28
CCCCCCC1=C(C2=CC(CCCCCC)=C(C3=CC(CCCCCC)=C(/C=C(C(O)=O)\C#N)S3)S2)SC(C4=CC=C(N(C5=CC=CC=C5)C6=CC=CC=C6)C=C4)=C1,1.395,2251.647,41.401,34.974,37.423,28.931,21.681,24.131,15.39,18.579,10.871,14.759,7.648,11.502,5.969,15.163,0,5.573,0,72.449,92.443,17.413,28.743,128.799,0,838.366,0.346,-4.74,59,780.785,2.08668426392e+13,43.829,22.581,11.723,364.085,11.935,0.477,11.935,0.346,0.209,0.346,-1.172,-0.477,16.702,255.828,839.249,1,4,0,0,0,3,3,6,6,1,7,0,23,0,0,0,306,10.006,11.642,0,0,0,5.969,0,4.795,5.262,34.01,127.09,121.452,46.325,0,6,9.901,63.118,5.262,0,0,117.084,4.9,130.269,0,36.018,4.9,17.062,0,34.01,11.076,24.057,11.331,119.389,108.701,0,36.025,0,64.33,0,5.457,0,0,0,0,0,0,0,113.043,1,0,0,0,0,0,0,0,1,1,1,0,0,0,0,2,0,0,0,0,0,0,0,0,0,0,0,0,0,3,3,0,0,0,3,0,0,0,0,0,0,0,0,0,0,0,0,0,0,0,0,0,0,0,0,0,0,1,0,0,0,0,0,0,2,0,0,0,0,0,0,0,0,0,0,0,0,0,0,0,0,0,3,6,0,0,0,0,0,0,0,0,1,0.17,1,0.36,0,0,1,1,0,1,0,0,0,1,0,1,0,0,0,16.75
CCCCCCN1N=C2C(C(C(C=C(C3=CC=C(N(C4=CC=CC=C4)C5=CC=CC=C5)C=C3)S6)=C6N7CCCCCC)=C7C8=C2N(CCCCCC)C9=C8C=C(/C=C(C(O)=O)\C#N)S9)=N1,1.275,3122.466,44.865,37.724,39.357,31.931,23.575,25.208,17.151,19.244,12.598,14.91,9.404,11.747,5.969,15.163,0,5.573,0,130.479,57.933,11.337,22.203,131.867,10.197,899.402,0.333,-6.22,65,842.775,7.56001197278e+14,44.004,19.888,8.696,388.373,12.048,0.477,12.048,0.346,0.264,0.346,-1.214,-0.477,15.639,273.057,900.231,1,9,0,0,0,4,5,9,10,1,11,0,21,0,0,0,332,19.141,32.337,0,0,0,5.969,0,4.795,20.256,22.674,127.09,79.433,61.451,17.578,9,9.901,105.054,5.262,24.128,0,117.455,4.9,107.512,0,16.51,4.9,17.062,0,22.674,35.204,24.429,11.331,102.698,102.635,0,69.789,0,104.9,0,3.411,0,0,0,0,0,0,5.014,123.241,1,0,0,0,0,5,0,0,1,1,1,0,0,0,0,7,0,0,0,0,0,0,0,0,0,0,0,0,0,3,3,0,0,0,4,0,10,0,0,0,0,0,0,0,0,0,0,0,0,0,0,0,0,0,0,0,0,1,0,0,0,0,0,0,2,0,0,0,0,0,0,0,0,0,0,0,0,0,0,0,0,0,2,6,0,0,0,0,0,0,0,0,1,0.18,1,0.03,0,0,1,1,0,1,0,0,0,1,0,1,0,0,0,20.65
O=C(O)C1=CC(C2=CC=C(N(C3=CC=CC=C3)C4=CC=CC=C4)C=C2)=CC(C5=CC=C(N(C6=CC=CC=C6)C7=CC=CC=C7)C=C5)=C1,1.233,1856.87,32.003,25.648,25.648,23.136,15.537,15.537,11.211,11.211,8.155,8.155,5.893,5.893,5.969,9.901,0,5.563,0,56.378,0,12.133,72.796,112.928,0,608.246,0,-6.39,47,576.485,89802198243,29.328,13.308,6.394,274.614,12.269,0.478,12.269,0.335,0.246,0.335,-0.958,-0.478,11.658,193.639,608.741,1,4,0,0,0,7,0,7,3,1,4,0,9,0,0,0,226,14.906,0,0,0,0,5.969,0,4.795,0,0,97.062,113.249,34.124,5.563,7,9.901,40.094,0,0,0,0,9.8,193.621,0,22.254,9.8,34.124,0,0,11.076,0,0,10.358,188.057,0,22.254,0,43.78,0,0,0,0,0,0,0,0,0,99,0,0,0,0,1,0,0,0,1,1,1,0,0,0,0,2,0,0,0,0,0,0,0,0,0,0,0,0,0,6,0,0,0,0,7,0,0,0,0,0,0,0,0,0,0,0,0,0,0,0,0,0,0,0,0,0,0,0,0,0,0,0,0,0,4,0,0,0,0,0,0,0,0,0,0,0,0,0,0,0,0,0,0,0,0,0,0,1,0,0,0,0,0,0.24,1,0.1,0,0,1,1,0,1,0,0,0,0,1,0,0,0,0,15.9
OC(C(C=C1)=CC=C1C2=CC=C(N(C3=CC=C(C4=CC=C(OC)C=C4OC)C=C3)C5=CC=C(C6=C(OC)C=C(OC)C=C6)C=C5)C=C2)=O,1.381,1920.656,33.622,27.137,27.137,23.414,15.31,15.31,10.991,10.991,8.281,8.281,5.71,5.71,5.969,9.901,0,5.563,0,73.441,0,40.572,60.664,65.564,18.947,637.246,0.098,-6.21,48,602.452,82614042171,31.76,14.053,6.525,279.711,11.329,0.497,11.329,0.335,0.257,0.335,-0.944,-0.497,9.89,190.6,637.732,1,7,0,0,0,6,0,6,6,1,7,0,11,0,0,0,240,28.954,22.998,0,0,0,5.969,0,4.795,0,0,48.531,95.05,40.322,34.003,6,28.849,23.031,0,0,0,0,33.339,139.024,0,56.379,23.847,17.062,22.998,0,39.515,0,0,10.358,133.46,0,33.381,0,77.46,0,0,0,0,0,0,0,0,0,106,0,0,0,0,1,0,0,0,1,1,1,0,0,0,0,1,0,0,0,0,0,0,0,0,0,0,0,0,0,3,0,0,0,0,6,0,0,0,0,0,0,4,0,0,0,0,0,0,0,0,0,0,0,0,0,4,0,0,0,0,0,0,0,0,0,0,0,0,0,0,0,0,0,0,0,0,0,0,0,0,0,0,0,0,0,0,0,1,0,0,0,0,0,0.26,1,0.3,0,0,1,1,0,1,0,0,0,0,1,0,0,0,0,17.3
OC(C(C=C1)=CC=C1N2C3=C(C=C(C4=C(OC)C=C(OC)C=C4)C=C3)C5=C2C=CC(C6=C(OC)C=C(OC)C=C6)=C5)=O,1.614,1842.863,29.38,23.673,23.673,20.448,13.322,13.322,9.784,9.784,7.577,7.577,5.464,5.464,5.969,9.901,0,5.563,11.499,61.246,0,40.572,48.531,40.965,18.947,559.199,0.114,-5.43,42,530.386,4781464308,26.775,10.858,4.546,242.62,11.51,0.497,11.51,0.335,0.238,0.335,-0.958,-0.497,7.85,164.82,559.618,1,7,0,0,0,5,1,6,6,1,7,0,8,0,0,0,210,28.621,22.998,0,0,0,5.969,0,4.795,0,0,12.133,83.923,39.719,45.036,6,28.849,27.775,0,4.567,0,0,28.439,102.625,0,50.939,18.947,0,22.998,0,44.082,0,0,10.358,97.062,0,49.747,0,79.15,0,0,0,0,0,0,0,0,2.153,91.847,0,0,0,0,1,1,0,0,1,1,1,0,0,0,0,1,0,0,0,0,0,0,0,0,0,0,0,0,0,0,0,0,0,0,5,0,3,0,0,0,0,4,0,0,0,0,0,0,0,0,0,0,0,0,0,4,0,0,0,0,0,0,0,0,0,0,0,0,0,0,0,0,0,0,0,0,0,0,0,0,0,0,0,0,0,0,0,0,1,0,0,0,0,0.56,1,0.55,0.05,0.79,0.16,1,0,0.84,0.16,0,1,1,0,0,0,0,0,20.5
OC(C(C=C1)=CC=C1N2C3=C(C=C(C4=C(OC)C=C(OC)C=C4)C=C3)C5=C2C=CC(C6=C(OC)C=C(OC)C=C6)=C5)=O,1.614,1842.863,29.38,23.673,23.673,20.448,13.322,13.322,9.784,9.784,7.577,7.577,5.464,5.464,5.969,9.901,0,5.563,11.499,61.246,0,40.572,48.531,40.965,18.947,559.199,0.114,-5.43,42,530.386,4781464308,26.775,10.858,4.546,242.62,11.51,0.497,11.51,0.335,0.238,0.335,-0.958,-0.497,7.85,164.82,559.618,1,7,0,0,0,5,1,6,6,1,7,0,8,0,0,0,210,28.621,22.998,0,0,0,5.969,0,4.795,0,0,12.133,83.923,39.719,45.036,6,28.849,27.775,0,4.567,0,0,28.439,102.625,0,50.939,18.947,0,22.998,0,44.082,0,0,10.358,97.062,0,49.747,0,79.15,0,0,0,0,0,0,0,0,2.153,91.847,0,0,0,0,1,1,0,0,1,1,1,0,0,0,0,1,0,0,0,0,0,0,0,0,0,0,0,0,0,0,0,0,0,0,5,0,3,0,0,0,0,4,0,0,0,0,0,0,0,0,0,0,0,0,0,4,0,0,0,0,0,0,0,0,0,0,0,0,0,0,0,0,0,0,0,0,0,0,0,0,0,0,0,0,0,0,0,0,1,0,0,0,0,0.056,0,0.55,0.05,0.79,0.16,1,0,0.84,0.16,0,1,1,0,0,0,0,0,17.7
OC(C(C=C1)=CC=C1N2C3=C(C=C(C4=C(OC)C=C(OC)C=C4)C=C3)C5=C2C=CC(C6=C(OC)C=C(OC)C=C6)=C5)=O,1.614,1842.863,29.38,23.673,23.673,20.448,13.322,13.322,9.784,9.784,7.577,7.577,5.464,5.464,5.969,9.901,0,5.563,11.499,61.246,0,40.572,48.531,40.965,18.947,559.199,0.114,-5.43,42,530.386,4781464308,26.775,10.858,4.546,242.62,11.51,0.497,11.51,0.335,0.238,0.335,-0.958,-0.497,7.85,164.82,559.618,1,7,0,0,0,5,1,6,6,1,7,0,8,0,0,0,210,28.621,22.998,0,0,0,5.969,0,4.795,0,0,12.133,83.923,39.719,45.036,6,28.849,27.775,0,4.567,0,0,28.439,102.625,0,50.939,18.947,0,22.998,0,44.082,0,0,10.358,97.062,0,49.747,0,79.15,0,0,0,0,0,0,0,0,2.153,91.847,0,0,0,0,1,1,0,0,1,1,1,0,0,0,0,1,0,0,0,0,0,0,0,0,0,0,0,0,0,0,0,0,0,0,5,0,3,0,0,0,0,4,0,0,0,0,0,0,0,0,0,0,0,0,0,4,0,0,0,0,0,0,0,0,0,0,0,0,0,0,0,0,0,0,0,0,0,0,0,0,0,0,0,0,0,0,1,0,0,0,0,0,0,0.056,0,0.55,0.05,0.79,0.16,1,0,0.84,0.16,0,1,1,0,0,0,0,0,16.9
COC(C=C1)=CC(OC)=C1C(C=C2)=CC3=C2N(C4=CC=C(C5=CC=C(C(O)=O)C=C5)C=C4)C6=C3C=C(C7=C(OC)C=C(OC)C=C7)C=C6,1.411,2189.769,33.363,26.983,26.983,23.414,15.393,15.393,11.361,11.361,8.795,8.795,6.319,6.319,5.969,9.901,0,5.563,0,83.872,0,40.572,48.531,65.231,18.947,635.231,0.098,-6.21,48,602.452,1.14896251867e+11,30.444,12.531,5.35,277.677,11.333,0.497,11.333,0.335,0.263,0.335,-0.939,-0.497,9.517,190.256,635.716,1,7,0,0,0,6,1,7,6,1,7,0,9,0,0,0,238,28.621,22.998,0,0,0,5.969,0,4.795,0,0,36.398,95.05,39.719,45.036,7,28.849,27.775,0,4.567,0,0,28.439,126.891,0,62.066,18.947,0,22.998,0,44.082,0,0,10.358,121.327,0,60.874,0,79.15,0,0,0,0,0,0,0,0,2.27,103.063,0,0,0,0,1,1,0,0,1,1,1,0,0,0,0,1,0,0,0,0,0,0,0,0,0,0,0,0,0,0,0,0,0,0,6,0,3,0,0,0,0,4,0,0,0,0,0,0,0,0,0,0,0,0,0,4,0,0,0,0,0,0,0,0,0,0,0,0,0,0,0,0,0,0,0,0,0,0,0,0,0,0,0,0,0,0,0,0,1,0,0,0,0,0.64,1,0.54,0.05,0.79,0.16,1,0,0.84,0.16,0,1,1,0,0,0,0,0,20.6
OC(C(C=C1)=CC=C1N2C3=C(C=C(C4=C(OC)C=C(OC)C=C4)C=C3)C5=C2C=CC(C6=C(OC)C=C(OC)C=C6)=C5)=O,1.614,1842.863,29.38,23.673,23.673,20.448,13.322,13.322,9.784,9.784,7.577,7.577,5.464,5.464,5.969,9.901,0,5.563,11.499,61.246,0,40.572,48.531,40.965,18.947,559.199,0.114,-5.43,42,530.386,4781464308,26.775,10.858,4.546,242.62,11.51,0.497,11.51,0.335,0.238,0.335,-0.958,-0.497,7.85,164.82,559.618,1,7,0,0,0,5,1,6,6,1,7,0,8,0,0,0,210,28.621,22.998,0,0,0,5.969,0,4.795,0,0,12.133,83.923,39.719,45.036,6,28.849,27.775,0,4.567,0,0,28.439,102.625,0,50.939,18.947,0,22.998,0,44.082,0,0,10.358,97.062,0,49.747,0,79.15,0,0,0,0,0,0,0,0,2.153,91.847,0,0,0,0,1,1,0,0,1,1,1,0,0,0,0,1,0,0,0,0,0,0,0,0,0,0,0,0,0,0,0,0,0,0,5,0,3,0,0,0,0,4,0,0,0,0,0,0,0,0,0,0,0,0,0,4,0,0,0,0,0,0,0,0,0,0,0,0,0,0,0,0,0,0,0,0,0,0,0,0,0,0,0,0,0,0,1,0,0,0,0,0,0,0.56,1,0.55,0.05,0.79,0.16,1,0,0.84,0.16,0,1,1,0,0,0,0,0,19.4
COC(C=C1)=CC(OC)=C1C(C=C2)=CC3=C2N(C4=CC=C(C5=CC=C(C(O)=O)C=C5)C=C4)C6=C3C=C(C7=C(OC)C=C(OC)C=C7)C=C6,1.411,2189.769,33.363,26.983,26.983,23.414,15.393,15.393,11.361,11.361,8.795,8.795,6.319,6.319,5.969,9.901,0,5.563,0,83.872,0,40.572,48.531,65.231,18.947,635.231,0.098,-6.21,48,602.452,1.14896251867e+11,30.444,12.531,5.35,277.677,11.333,0.497,11.333,0.335,0.263,0.335,-0.939,-0.497,9.517,190.256,635.716,1,7,0,0,0,6,1,7,6,1,7,0,9,0,0,0,238,28.621,22.998,0,0,0,5.969,0,4.795,0,0,36.398,95.05,39.719,45.036,7,28.849,27.775,0,4.567,0,0,28.439,126.891,0,62.066,18.947,0,22.998,0,44.082,0,0,10.358,121.327,0,60.874,0,79.15,0,0,0,0,0,0,0,0,2.27,103.063,0,0,0,0,1,1,0,0,1,1,1,0,0,0,0,1,0,0,0,0,0,0,0,0,0,0,0,0,0,0,0,0,0,0,6,0,3,0,0,0,0,4,0,0,0,0,0,0,0,0,0,0,0,0,0,4,0,0,0,0,0,0,0,0,0,0,0,0,0,0,0,0,0,0,0,0,0,0,0,0,0,0,0,0,0,0,1,0,0,0,0,0,0,0.64,1,0.54,0.05,0.79,0.16,1,0,0.84,0.16,0,1,1,0,0,0,0,0,17.6
OC(C(C=C1)=CC=C1N2C3=C(C=C(C4=C(OC)C=C(OC)C=C4)C=C3)C5=C2C=CC(C6=C(OC)C=C(OC)C=C6)=C5)=O,1.614,1842.863,29.38,23.673,23.673,20.448,13.322,13.322,9.784,9.784,7.577,7.577,5.464,5.464,5.969,9.901,0,5.563,11.499,61.246,0,40.572,48.531,40.965,18.947,559.199,0.114,-5.43,42,530.386,4781464308,26.775,10.858,4.546,242.62,11.51,0.497,11.51,0.335,0.238,0.335,-0.958,-0.497,7.85,164.82,559.618,1,7,0,0,0,5,1,6,6,1,7,0,8,0,0,0,210,28.621,22.998,0,0,0,5.969,0,4.795,0,0,12.133,83.923,39.719,45.036,6,28.849,27.775,0,4.567,0,0,28.439,102.625,0,50.939,18.947,0,22.998,0,44.082,0,0,10.358,97.062,0,49.747,0,79.15,0,0,0,0,0,0,0,0,2.153,91.847,0,0,0,0,1,1,0,0,1,1,1,0,0,0,0,1,0,0,0,0,0,0,0,0,0,0,0,0,0,0,0,0,0,0,5,0,3,0,0,0,0,4,0,0,0,0,0,0,0,0,0,0,0,0,0,4,0,0,0,0,0,0,0,0,0,0,0,0,0,0,0,0,0,0,0,0,0,0,0,0,0,0,0,0,0,0,0,1,0,0,0,0,0,0.56,1,0.55,0.05,0.79,0.16,1,0,0.84,0.16,0,1,1,0,0,0,0,0,13.9
COC(C=C1)=CC(OC)=C1C(C=C2)=CC3=C2N(C4=CC=C(C5=CC=C(C(O)=O)C=C5)C=C4)C6=C3C=C(C7=C(OC)C=C(OC)C=C7)C=C6,1.411,2189.769,33.363,26.983,26.983,23.414,15.393,15.393,11.361,11.361,8.795,8.795,6.319,6.319,5.969,9.901,0,5.563,0,83.872,0,40.572,48.531,65.231,18.947,635.231,0.098,-6.21,48,602.452,1.14896251867e+11,30.444,12.531,5.35,277.677,11.333,0.497,11.333,0.335,0.263,0.335,-0.939,-0.497,9.517,190.256,635.716,1,7,0,0,0,6,1,7,6,1,7,0,9,0,0,0,238,28.621,22.998,0,0,0,5.969,0,4.795,0,0,36.398,95.05,39.719,45.036,7,28.849,27.775,0,4.567,0,0,28.439,126.891,0,62.066,18.947,0,22.998,0,44.082,0,0,10.358,121.327,0,60.874,0,79.15,0,0,0,0,0,0,0,0,2.27,103.063,0,0,0,0,1,1,0,0,1,1,1,0,0,0,0,1,0,0,0,0,0,0,0,0,0,0,0,0,0,0,0,0,0,0,6,0,3,0,0,0,0,4,0,0,0,0,0,0,0,0,0,0,0,0,0,4,0,0,0,0,0,0,0,0,0,0,0,0,0,0,0,0,0,0,0,0,0,0,0,0,0,0,0,0,0,0,0,1,0,0,0,0,0,0.64,1,0.54,0.05,0.79,0.16,1,0,0.84,0.16,0,1,1,0,0,0,0,0,14.3
OP(CCCCN1C2=C(C(C=CC=C3)=C3C=C2)C4=C1C=CC(Br)=C4)(O)=O,1.855,1162.077,18.311,14.1,16.58,12.438,8.577,11.168,6.589,9.282,4.798,6.19,3.67,4.667,7.596,4.565,0,6.162,6.421,28.472,21.545,0,12.133,62.962,9.787,431.029,0.2,-1.65,26,413.102,997393.025,17.748,6.822,3.325,159.274,11.084,0.34,11.084,0.325,0.057,0.325,-3.923,-0.34,5.668,110.795,432.254,2,4,0,0,0,3,1,4,2,2,6,0,5,0,0,0,134,14.354,0,0,0,0,7.596,4.565,0,0,0,46.262,47.88,38.985,0,4,14.352,56.104,0,4.567,0,19.386,6.162,59.07,0,0,0,0,0,23.526,20.516,11.11,0,12.842,59.07,0,32.578,0,62.46,0,0,0,0,0,0,0,0,14.391,42.25,0,0,0,0,0,1,0,0,0,0,0,0,0,0,0,1,0,0,0,0,0,0,0,0,0,0,0,0,0,0,1,0,0,0,3,0,5,0,0,0,0,0,0,0,1,0,0,0,0,0,0,0,0,0,0,0,0,0,0,0,0,0,0,0,0,0,0,0,0,0,0,0,0,0,0,0,0,0,0,0,0,0,0,1,0,0,1,0,0,0,0,0,0,0.5,0,0.23,0.2,0.8,0,1,0,0.6,0.4,0,1,0,0,0,0,0,1,18.63
